<?xml version="1.0" encoding="utf-8"?>
<annotation>
<folder>images</folder>
<filename>00373f39-ucexportviewid1yRZ_PsnURfDnyok_daxgPD-I5TPmB_hI</filename>
<source>
<database>MyDatabase</database>
<annotation>COCO2017</annotation>
<image>flickr</image>
<flickrid>NULL</flickrid>
<annotator>1</annotator>
</source>
<owner>
<flickrid>NULL</flickrid>
<name>Label Studio</name>
</owner>
<size>
<width>896</width>
<height>896</height>
<depth>3</depth>
</size>
<segmented>0</segmented>
<object>
<name>cock</name>
<pose>Unspecified</pose>
<truncated>0</truncated>
<difficult>0</difficult>
<bndbox>
<xmin>339</xmin>
<ymin>608</ymin>
<xmax>446</xmax>
<ymax>888</ymax>
</bndbox>
</object>
<object>
<name>duck</name>
<pose>Unspecified</pose>
<truncated>0</truncated>
<difficult>0</difficult>
<bndbox>
<xmin>555</xmin>
<ymin>452</ymin>
<xmax>659</xmax>
<ymax>613</ymax>
</bndbox>
</object>
<object>
<name>chick</name>
<pose>Unspecified</pose>
<truncated>0</truncated>
<difficult>0</difficult>
<bndbox>
<xmin>418</xmin>
<ymin>0</ymin>
<xmax>526</xmax>
<ymax>175</ymax>
</bndbox>
</object>
</annotation>
