<?xml version="1.0" encoding="utf-8"?>
<annotation>
<folder>images</folder>
<filename>015c176a-ucexportviewid1g14VeOxKqBR6tjDgsFWZyXCAJvZRXGp4</filename>
<source>
<database>MyDatabase</database>
<annotation>COCO2017</annotation>
<image>flickr</image>
<flickrid>NULL</flickrid>
<annotator>1</annotator>
</source>
<owner>
<flickrid>NULL</flickrid>
<name>Label Studio</name>
</owner>
<size>
<width>896</width>
<height>896</height>
<depth>3</depth>
</size>
<segmented>0</segmented>
<object>
<name>duck</name>
<pose>Unspecified</pose>
<truncated>0</truncated>
<difficult>0</difficult>
<bndbox>
<xmin>373</xmin>
<ymin>228</ymin>
<xmax>575</xmax>
<ymax>576</ymax>
</bndbox>
</object>
</annotation>
