<?xml version="1.0" encoding="utf-8"?>
<annotation>
<folder>images</folder>
<filename>043ae976-ucexportviewid1-Atswyr4wOKcUPS-xVLj4G47ZQyAWfzB</filename>
<source>
<database>MyDatabase</database>
<annotation>COCO2017</annotation>
<image>flickr</image>
<flickrid>NULL</flickrid>
<annotator>1</annotator>
</source>
<owner>
<flickrid>NULL</flickrid>
<name>Label Studio</name>
</owner>
<size>
<width>896</width>
<height>896</height>
<depth>3</depth>
</size>
<segmented>0</segmented>
<object>
<name>chick</name>
<pose>Unspecified</pose>
<truncated>0</truncated>
<difficult>0</difficult>
<bndbox>
<xmin>464</xmin>
<ymin>303</ymin>
<xmax>654</xmax>
<ymax>718</ymax>
</bndbox>
</object>
</annotation>
