<?xml version="1.0" encoding="utf-8"?>
<annotation>
<folder>images</folder>
<filename>05208080-ucexportviewid1Ruh7xbZiuj1eNlbqW6oFSkgJJZkoRd0c</filename>
<source>
<database>MyDatabase</database>
<annotation>COCO2017</annotation>
<image>flickr</image>
<flickrid>NULL</flickrid>
<annotator>1</annotator>
</source>
<owner>
<flickrid>NULL</flickrid>
<name>Label Studio</name>
</owner>
<size>
<width>896</width>
<height>896</height>
<depth>3</depth>
</size>
<segmented>0</segmented>
<object>
<name>cock</name>
<pose>Unspecified</pose>
<truncated>0</truncated>
<difficult>0</difficult>
<bndbox>
<xmin>236</xmin>
<ymin>199</ymin>
<xmax>548</xmax>
<ymax>411</ymax>
</bndbox>
</object>
<object>
<name>duck</name>
<pose>Unspecified</pose>
<truncated>0</truncated>
<difficult>0</difficult>
<bndbox>
<xmin>570</xmin>
<ymin>235</ymin>
<xmax>733</xmax>
<ymax>398</ymax>
</bndbox>
</object>
<object>
<name>chick</name>
<pose>Unspecified</pose>
<truncated>0</truncated>
<difficult>0</difficult>
<bndbox>
<xmin>334</xmin>
<ymin>438</ymin>
<xmax>464</xmax>
<ymax>611</ymax>
</bndbox>
</object>
</annotation>
