<?xml version="1.0" encoding="utf-8"?>
<annotation>
<folder>images</folder>
<filename>07d3dd43-ucexportviewid1oabmj4w_cbFTit4KzHnQf5Jdkghg_WsN</filename>
<source>
<database>MyDatabase</database>
<annotation>COCO2017</annotation>
<image>flickr</image>
<flickrid>NULL</flickrid>
<annotator>1</annotator>
</source>
<owner>
<flickrid>NULL</flickrid>
<name>Label Studio</name>
</owner>
<size>
<width>896</width>
<height>896</height>
<depth>3</depth>
</size>
<segmented>0</segmented>
<object>
<name>duck</name>
<pose>Unspecified</pose>
<truncated>0</truncated>
<difficult>0</difficult>
<bndbox>
<xmin>190</xmin>
<ymin>380</ymin>
<xmax>345</xmax>
<ymax>545</ymax>
</bndbox>
</object>
<object>
<name>chick</name>
<pose>Unspecified</pose>
<truncated>0</truncated>
<difficult>0</difficult>
<bndbox>
<xmin>369</xmin>
<ymin>284</ymin>
<xmax>478</xmax>
<ymax>449</ymax>
</bndbox>
</object>
<object>
<name>cock</name>
<pose>Unspecified</pose>
<truncated>0</truncated>
<difficult>0</difficult>
<bndbox>
<xmin>452</xmin>
<ymin>118</ymin>
<xmax>599</xmax>
<ymax>347</ymax>
</bndbox>
</object>
</annotation>
