<?xml version="1.0" encoding="utf-8"?>
<annotation>
<folder>images</folder>
<filename>0866f45b-ucexportviewid1TbmgNHo8p1xylF4Cs-vpxmOkxzgJa2IC</filename>
<source>
<database>MyDatabase</database>
<annotation>COCO2017</annotation>
<image>flickr</image>
<flickrid>NULL</flickrid>
<annotator>1</annotator>
</source>
<owner>
<flickrid>NULL</flickrid>
<name>Label Studio</name>
</owner>
<size>
<width>896</width>
<height>896</height>
<depth>3</depth>
</size>
<segmented>0</segmented>
<object>
<name>cock</name>
<pose>Unspecified</pose>
<truncated>0</truncated>
<difficult>0</difficult>
<bndbox>
<xmin>596</xmin>
<ymin>504</ymin>
<xmax>781</xmax>
<ymax>674</ymax>
</bndbox>
</object>
<object>
<name>chick</name>
<pose>Unspecified</pose>
<truncated>0</truncated>
<difficult>0</difficult>
<bndbox>
<xmin>210</xmin>
<ymin>432</ymin>
<xmax>366</xmax>
<ymax>599</ymax>
</bndbox>
</object>
<object>
<name>duck</name>
<pose>Unspecified</pose>
<truncated>0</truncated>
<difficult>0</difficult>
<bndbox>
<xmin>395</xmin>
<ymin>131</ymin>
<xmax>554</xmax>
<ymax>351</ymax>
</bndbox>
</object>
</annotation>
