<?xml version="1.0" encoding="utf-8"?>
<annotation>
<folder>images</folder>
<filename>09104851-ucexportviewid1ysbFfMQEr7rQ-sb_I59S3-ZdoAmCKZbY</filename>
<source>
<database>MyDatabase</database>
<annotation>COCO2017</annotation>
<image>flickr</image>
<flickrid>NULL</flickrid>
<annotator>1</annotator>
</source>
<owner>
<flickrid>NULL</flickrid>
<name>Label Studio</name>
</owner>
<size>
<width>896</width>
<height>896</height>
<depth>3</depth>
</size>
<segmented>0</segmented>
<object>
<name>chick</name>
<pose>Unspecified</pose>
<truncated>0</truncated>
<difficult>0</difficult>
<bndbox>
<xmin>166</xmin>
<ymin>183</ymin>
<xmax>291</xmax>
<ymax>324</ymax>
</bndbox>
</object>
<object>
<name>duck</name>
<pose>Unspecified</pose>
<truncated>0</truncated>
<difficult>0</difficult>
<bndbox>
<xmin>625</xmin>
<ymin>312</ymin>
<xmax>799</xmax>
<ymax>503</ymax>
</bndbox>
</object>
<object>
<name>cock</name>
<pose>Unspecified</pose>
<truncated>0</truncated>
<difficult>0</difficult>
<bndbox>
<xmin>321</xmin>
<ymin>631</ymin>
<xmax>450</xmax>
<ymax>886</ymax>
</bndbox>
</object>
</annotation>
