<?xml version="1.0" encoding="utf-8"?>
<annotation>
<folder>images</folder>
<filename>092e5214-ucexportviewid1UbEX8n3B13335XLkA9TZD6mjPPvd8eQ-</filename>
<source>
<database>MyDatabase</database>
<annotation>COCO2017</annotation>
<image>flickr</image>
<flickrid>NULL</flickrid>
<annotator>1</annotator>
</source>
<owner>
<flickrid>NULL</flickrid>
<name>Label Studio</name>
</owner>
<size>
<width>896</width>
<height>896</height>
<depth>3</depth>
</size>
<segmented>0</segmented>
<object>
<name>chick</name>
<pose>Unspecified</pose>
<truncated>0</truncated>
<difficult>0</difficult>
<bndbox>
<xmin>209</xmin>
<ymin>391</ymin>
<xmax>533</xmax>
<ymax>725</ymax>
</bndbox>
</object>
</annotation>
