<?xml version="1.0" encoding="utf-8"?>
<annotation>
<folder>images</folder>
<filename>0b43ae3c-ucexportviewid1Q0HvmfN2UZ74hr_D3l0CDcv7FSor0Rxl</filename>
<source>
<database>MyDatabase</database>
<annotation>COCO2017</annotation>
<image>flickr</image>
<flickrid>NULL</flickrid>
<annotator>1</annotator>
</source>
<owner>
<flickrid>NULL</flickrid>
<name>Label Studio</name>
</owner>
<size>
<width>896</width>
<height>896</height>
<depth>3</depth>
</size>
<segmented>0</segmented>
<object>
<name>duck</name>
<pose>Unspecified</pose>
<truncated>0</truncated>
<difficult>0</difficult>
<bndbox>
<xmin>519</xmin>
<ymin>172</ymin>
<xmax>751</xmax>
<ymax>560</ymax>
</bndbox>
</object>
</annotation>
