<?xml version="1.0" encoding="utf-8"?>
<annotation>
<folder>images</folder>
<filename>0de6314c-ucexportviewid1sMiYqpQFPPzWarX2AT1Ihil3BsbDl2Ld</filename>
<source>
<database>MyDatabase</database>
<annotation>COCO2017</annotation>
<image>flickr</image>
<flickrid>NULL</flickrid>
<annotator>1</annotator>
</source>
<owner>
<flickrid>NULL</flickrid>
<name>Label Studio</name>
</owner>
<size>
<width>896</width>
<height>896</height>
<depth>3</depth>
</size>
<segmented>0</segmented>
<object>
<name>chick</name>
<pose>Unspecified</pose>
<truncated>0</truncated>
<difficult>0</difficult>
<bndbox>
<xmin>138</xmin>
<ymin>417</ymin>
<xmax>303</xmax>
<ymax>700</ymax>
</bndbox>
</object>
<object>
<name>duck</name>
<pose>Unspecified</pose>
<truncated>0</truncated>
<difficult>0</difficult>
<bndbox>
<xmin>344</xmin>
<ymin>290</ymin>
<xmax>565</xmax>
<ymax>575</ymax>
</bndbox>
</object>
<object>
<name>cock</name>
<pose>Unspecified</pose>
<truncated>0</truncated>
<difficult>0</difficult>
<bndbox>
<xmin>589</xmin>
<ymin>197</ymin>
<xmax>796</xmax>
<ymax>567</ymax>
</bndbox>
</object>
</annotation>
