<?xml version="1.0" encoding="utf-8"?>
<annotation>
<folder>images</folder>
<filename>11c8d8a6-ucexportviewid1cEkASwExHnagcBx6YXroc2PUTueyLWwr</filename>
<source>
<database>MyDatabase</database>
<annotation>COCO2017</annotation>
<image>flickr</image>
<flickrid>NULL</flickrid>
<annotator>1</annotator>
</source>
<owner>
<flickrid>NULL</flickrid>
<name>Label Studio</name>
</owner>
<size>
<width>896</width>
<height>896</height>
<depth>3</depth>
</size>
<segmented>0</segmented>
<object>
<name>chick</name>
<pose>Unspecified</pose>
<truncated>0</truncated>
<difficult>0</difficult>
<bndbox>
<xmin>253</xmin>
<ymin>131</ymin>
<xmax>377</xmax>
<ymax>309</ymax>
</bndbox>
</object>
<object>
<name>duck</name>
<pose>Unspecified</pose>
<truncated>0</truncated>
<difficult>0</difficult>
<bndbox>
<xmin>425</xmin>
<ymin>190</ymin>
<xmax>613</xmax>
<ymax>427</ymax>
</bndbox>
</object>
<object>
<name>cock</name>
<pose>Unspecified</pose>
<truncated>0</truncated>
<difficult>0</difficult>
<bndbox>
<xmin>342</xmin>
<ymin>438</ymin>
<xmax>501</xmax>
<ymax>738</ymax>
</bndbox>
</object>
</annotation>
