<?xml version="1.0" encoding="utf-8"?>
<annotation>
<folder>images</folder>
<filename>11fbeeb5-ucexportviewid1po2sM55JrIhc3x7u1huaB1KSQ1hWeRi8</filename>
<source>
<database>MyDatabase</database>
<annotation>COCO2017</annotation>
<image>flickr</image>
<flickrid>NULL</flickrid>
<annotator>1</annotator>
</source>
<owner>
<flickrid>NULL</flickrid>
<name>Label Studio</name>
</owner>
<size>
<width>896</width>
<height>896</height>
<depth>3</depth>
</size>
<segmented>0</segmented>
<object>
<name>duck</name>
<pose>Unspecified</pose>
<truncated>0</truncated>
<difficult>0</difficult>
<bndbox>
<xmin>253</xmin>
<ymin>0</ymin>
<xmax>472</xmax>
<ymax>251</ymax>
</bndbox>
</object>
<object>
<name>cock</name>
<pose>Unspecified</pose>
<truncated>0</truncated>
<difficult>0</difficult>
<bndbox>
<xmin>612</xmin>
<ymin>297</ymin>
<xmax>822</xmax>
<ymax>480</ymax>
</bndbox>
</object>
<object>
<name>chick</name>
<pose>Unspecified</pose>
<truncated>0</truncated>
<difficult>0</difficult>
<bndbox>
<xmin>125</xmin>
<ymin>574</ymin>
<xmax>320</xmax>
<ymax>773</ymax>
</bndbox>
</object>
</annotation>
