<?xml version="1.0" encoding="utf-8"?>
<annotation>
<folder>images</folder>
<filename>14d53a4d-ucexportviewid1QEbJxKQtw7Dc-p1PInSTBptKE9T7JSBO</filename>
<source>
<database>MyDatabase</database>
<annotation>COCO2017</annotation>
<image>flickr</image>
<flickrid>NULL</flickrid>
<annotator>1</annotator>
</source>
<owner>
<flickrid>NULL</flickrid>
<name>Label Studio</name>
</owner>
<size>
<width>896</width>
<height>896</height>
<depth>3</depth>
</size>
<segmented>0</segmented>
<object>
<name>duck</name>
<pose>Unspecified</pose>
<truncated>0</truncated>
<difficult>0</difficult>
<bndbox>
<xmin>451</xmin>
<ymin>298</ymin>
<xmax>628</xmax>
<ymax>541</ymax>
</bndbox>
</object>
</annotation>
