<?xml version="1.0" encoding="utf-8"?>
<annotation>
<folder>images</folder>
<filename>1644631e-ucexportviewid1ZaxmCsaIjGTDqFYsuu38bYsVaoua1EQL</filename>
<source>
<database>MyDatabase</database>
<annotation>COCO2017</annotation>
<image>flickr</image>
<flickrid>NULL</flickrid>
<annotator>1</annotator>
</source>
<owner>
<flickrid>NULL</flickrid>
<name>Label Studio</name>
</owner>
<size>
<width>896</width>
<height>896</height>
<depth>3</depth>
</size>
<segmented>0</segmented>
<object>
<name>chick</name>
<pose>Unspecified</pose>
<truncated>0</truncated>
<difficult>0</difficult>
<bndbox>
<xmin>143</xmin>
<ymin>331</ymin>
<xmax>270</xmax>
<ymax>526</ymax>
</bndbox>
</object>
<object>
<name>cock</name>
<pose>Unspecified</pose>
<truncated>0</truncated>
<difficult>0</difficult>
<bndbox>
<xmin>467</xmin>
<ymin>195</ymin>
<xmax>576</xmax>
<ymax>402</ymax>
</bndbox>
</object>
<object>
<name>duck</name>
<pose>Unspecified</pose>
<truncated>0</truncated>
<difficult>0</difficult>
<bndbox>
<xmin>626</xmin>
<ymin>504</ymin>
<xmax>787</xmax>
<ymax>750</ymax>
</bndbox>
</object>
</annotation>
