<?xml version="1.0" encoding="utf-8"?>
<annotation>
<folder>images</folder>
<filename>177af667-ucexportviewid1miKHnv32FCI8zkyX_NEFeR0PvMSbdSXD</filename>
<source>
<database>MyDatabase</database>
<annotation>COCO2017</annotation>
<image>flickr</image>
<flickrid>NULL</flickrid>
<annotator>1</annotator>
</source>
<owner>
<flickrid>NULL</flickrid>
<name>Label Studio</name>
</owner>
<size>
<width>896</width>
<height>896</height>
<depth>3</depth>
</size>
<segmented>0</segmented>
<object>
<name>chick</name>
<pose>Unspecified</pose>
<truncated>0</truncated>
<difficult>0</difficult>
<bndbox>
<xmin>162</xmin>
<ymin>478</ymin>
<xmax>274</xmax>
<ymax>675</ymax>
</bndbox>
</object>
<object>
<name>cock</name>
<pose>Unspecified</pose>
<truncated>0</truncated>
<difficult>0</difficult>
<bndbox>
<xmin>421</xmin>
<ymin>426</ymin>
<xmax>567</xmax>
<ymax>707</ymax>
</bndbox>
</object>
<object>
<name>duck</name>
<pose>Unspecified</pose>
<truncated>0</truncated>
<difficult>0</difficult>
<bndbox>
<xmin>235</xmin>
<ymin>135</ymin>
<xmax>338</xmax>
<ymax>303</ymax>
</bndbox>
</object>
</annotation>
