<?xml version="1.0" encoding="utf-8"?>
<annotation>
<folder>images</folder>
<filename>1d7d69c7-ucexportviewid17B15xVnDAdS-xqebEShl-tTWOOS0iwOB</filename>
<source>
<database>MyDatabase</database>
<annotation>COCO2017</annotation>
<image>flickr</image>
<flickrid>NULL</flickrid>
<annotator>1</annotator>
</source>
<owner>
<flickrid>NULL</flickrid>
<name>Label Studio</name>
</owner>
<size>
<width>896</width>
<height>896</height>
<depth>3</depth>
</size>
<segmented>0</segmented>
<object>
<name>duck</name>
<pose>Unspecified</pose>
<truncated>0</truncated>
<difficult>0</difficult>
<bndbox>
<xmin>374</xmin>
<ymin>538</ymin>
<xmax>512</xmax>
<ymax>758</ymax>
</bndbox>
</object>
</annotation>
