<?xml version="1.0" encoding="utf-8"?>
<annotation>
<folder>images</folder>
<filename>1de4505e-ucexportviewid1YYtudVWXcsWDw0iCfXNPlXDl4cvXUgfD</filename>
<source>
<database>MyDatabase</database>
<annotation>COCO2017</annotation>
<image>flickr</image>
<flickrid>NULL</flickrid>
<annotator>1</annotator>
</source>
<owner>
<flickrid>NULL</flickrid>
<name>Label Studio</name>
</owner>
<size>
<width>896</width>
<height>896</height>
<depth>3</depth>
</size>
<segmented>0</segmented>
<object>
<name>cock</name>
<pose>Unspecified</pose>
<truncated>0</truncated>
<difficult>0</difficult>
<bndbox>
<xmin>122</xmin>
<ymin>387</ymin>
<xmax>326</xmax>
<ymax>518</ymax>
</bndbox>
</object>
<object>
<name>chick</name>
<pose>Unspecified</pose>
<truncated>0</truncated>
<difficult>0</difficult>
<bndbox>
<xmin>322</xmin>
<ymin>353</ymin>
<xmax>486</xmax>
<ymax>545</ymax>
</bndbox>
</object>
<object>
<name>duck</name>
<pose>Unspecified</pose>
<truncated>0</truncated>
<difficult>0</difficult>
<bndbox>
<xmin>529</xmin>
<ymin>299</ymin>
<xmax>749</xmax>
<ymax>553</ymax>
</bndbox>
</object>
</annotation>
