<?xml version="1.0" encoding="utf-8"?>
<annotation>
<folder>images</folder>
<filename>26568c8d-ucexportviewid1Xwbwm2Q1FNV7d4AIVRw-Tt1jNMFg6yJ3</filename>
<source>
<database>MyDatabase</database>
<annotation>COCO2017</annotation>
<image>flickr</image>
<flickrid>NULL</flickrid>
<annotator>1</annotator>
</source>
<owner>
<flickrid>NULL</flickrid>
<name>Label Studio</name>
</owner>
<size>
<width>896</width>
<height>896</height>
<depth>3</depth>
</size>
<segmented>0</segmented>
<object>
<name>cock</name>
<pose>Unspecified</pose>
<truncated>0</truncated>
<difficult>0</difficult>
<bndbox>
<xmin>399</xmin>
<ymin>400</ymin>
<xmax>647</xmax>
<ymax>755</ymax>
</bndbox>
</object>
</annotation>
