<?xml version="1.0" encoding="utf-8"?>
<annotation>
<folder>images</folder>
<filename>2a3327a0-ucexportviewid1y9uwhAfrBAaYubDqCpo5LCl_gprMUgZE</filename>
<source>
<database>MyDatabase</database>
<annotation>COCO2017</annotation>
<image>flickr</image>
<flickrid>NULL</flickrid>
<annotator>1</annotator>
</source>
<owner>
<flickrid>NULL</flickrid>
<name>Label Studio</name>
</owner>
<size>
<width>896</width>
<height>896</height>
<depth>3</depth>
</size>
<segmented>0</segmented>
<object>
<name>cock</name>
<pose>Unspecified</pose>
<truncated>0</truncated>
<difficult>0</difficult>
<bndbox>
<xmin>103</xmin>
<ymin>336</ymin>
<xmax>297</xmax>
<ymax>498</ymax>
</bndbox>
</object>
<object>
<name>chick</name>
<pose>Unspecified</pose>
<truncated>0</truncated>
<difficult>0</difficult>
<bndbox>
<xmin>457</xmin>
<ymin>482</ymin>
<xmax>615</xmax>
<ymax>659</ymax>
</bndbox>
</object>
<object>
<name>duck</name>
<pose>Unspecified</pose>
<truncated>0</truncated>
<difficult>0</difficult>
<bndbox>
<xmin>338</xmin>
<ymin>210</ymin>
<xmax>460</xmax>
<ymax>381</ymax>
</bndbox>
</object>
</annotation>
