<?xml version="1.0" encoding="utf-8"?>
<annotation>
<folder>images</folder>
<filename>2b3581f4-ucexportviewid1A_Cx8yaRSWK4Nra8QidCdV2hS-7wtcOG</filename>
<source>
<database>MyDatabase</database>
<annotation>COCO2017</annotation>
<image>flickr</image>
<flickrid>NULL</flickrid>
<annotator>1</annotator>
</source>
<owner>
<flickrid>NULL</flickrid>
<name>Label Studio</name>
</owner>
<size>
<width>896</width>
<height>896</height>
<depth>3</depth>
</size>
<segmented>0</segmented>
<object>
<name>duck</name>
<pose>Unspecified</pose>
<truncated>0</truncated>
<difficult>0</difficult>
<bndbox>
<xmin>429</xmin>
<ymin>388</ymin>
<xmax>632</xmax>
<ymax>702</ymax>
</bndbox>
</object>
</annotation>
