<?xml version="1.0" encoding="utf-8"?>
<annotation>
<folder>images</folder>
<filename>2d24be81-ucexportviewid1jR1pGoea3eFabnp7O1PC-3v3o3wmj27_</filename>
<source>
<database>MyDatabase</database>
<annotation>COCO2017</annotation>
<image>flickr</image>
<flickrid>NULL</flickrid>
<annotator>1</annotator>
</source>
<owner>
<flickrid>NULL</flickrid>
<name>Label Studio</name>
</owner>
<size>
<width>896</width>
<height>896</height>
<depth>3</depth>
</size>
<segmented>0</segmented>
<object>
<name>cock</name>
<pose>Unspecified</pose>
<truncated>0</truncated>
<difficult>0</difficult>
<bndbox>
<xmin>239</xmin>
<ymin>257</ymin>
<xmax>610</xmax>
<ymax>624</ymax>
</bndbox>
</object>
</annotation>
