<?xml version="1.0" encoding="utf-8"?>
<annotation>
<folder>images</folder>
<filename>2d5e967a-ucexportviewid1g8Rqwyp50v4YW0bxFTzeujsxOBlGpeQb</filename>
<source>
<database>MyDatabase</database>
<annotation>COCO2017</annotation>
<image>flickr</image>
<flickrid>NULL</flickrid>
<annotator>1</annotator>
</source>
<owner>
<flickrid>NULL</flickrid>
<name>Label Studio</name>
</owner>
<size>
<width>896</width>
<height>896</height>
<depth>3</depth>
</size>
<segmented>0</segmented>
<object>
<name>chick</name>
<pose>Unspecified</pose>
<truncated>0</truncated>
<difficult>0</difficult>
<bndbox>
<xmin>228</xmin>
<ymin>228</ymin>
<xmax>407</xmax>
<ymax>583</ymax>
</bndbox>
</object>
</annotation>
