<?xml version="1.0" encoding="utf-8"?>
<annotation>
<folder>images</folder>
<filename>3055434f-ucexportviewid11x4UEee4M_lPDPHm2kvRMz2TAbWImTQb</filename>
<source>
<database>MyDatabase</database>
<annotation>COCO2017</annotation>
<image>flickr</image>
<flickrid>NULL</flickrid>
<annotator>1</annotator>
</source>
<owner>
<flickrid>NULL</flickrid>
<name>Label Studio</name>
</owner>
<size>
<width>896</width>
<height>896</height>
<depth>3</depth>
</size>
<segmented>0</segmented>
<object>
<name>duck</name>
<pose>Unspecified</pose>
<truncated>0</truncated>
<difficult>0</difficult>
<bndbox>
<xmin>371</xmin>
<ymin>355</ymin>
<xmax>644</xmax>
<ymax>692</ymax>
</bndbox>
</object>
</annotation>
