<?xml version="1.0" encoding="utf-8"?>
<annotation>
<folder>images</folder>
<filename>3438e75e-ucexportviewid1TBENJ0avfsoam4_Q6blYd4KTQ0nOZsZj</filename>
<source>
<database>MyDatabase</database>
<annotation>COCO2017</annotation>
<image>flickr</image>
<flickrid>NULL</flickrid>
<annotator>1</annotator>
</source>
<owner>
<flickrid>NULL</flickrid>
<name>Label Studio</name>
</owner>
<size>
<width>896</width>
<height>896</height>
<depth>3</depth>
</size>
<segmented>0</segmented>
<object>
<name>chick</name>
<pose>Unspecified</pose>
<truncated>0</truncated>
<difficult>0</difficult>
<bndbox>
<xmin>421</xmin>
<ymin>259</ymin>
<xmax>672</xmax>
<ymax>726</ymax>
</bndbox>
</object>
</annotation>
