<?xml version="1.0" encoding="utf-8"?>
<annotation>
<folder>images</folder>
<filename>3b954c34-ucexportviewid1xbp6hcg6fVK6YH9nieCaG1MUB5BsYgBg</filename>
<source>
<database>MyDatabase</database>
<annotation>COCO2017</annotation>
<image>flickr</image>
<flickrid>NULL</flickrid>
<annotator>1</annotator>
</source>
<owner>
<flickrid>NULL</flickrid>
<name>Label Studio</name>
</owner>
<size>
<width>896</width>
<height>896</height>
<depth>3</depth>
</size>
<segmented>0</segmented>
<object>
<name>chick</name>
<pose>Unspecified</pose>
<truncated>0</truncated>
<difficult>0</difficult>
<bndbox>
<xmin>284</xmin>
<ymin>235</ymin>
<xmax>467</xmax>
<ymax>532</ymax>
</bndbox>
</object>
</annotation>
