<?xml version="1.0" encoding="utf-8"?>
<annotation>
<folder>images</folder>
<filename>3be2d06e-ucexportviewid1uG0-KKqx0JlSDq3O2_2A6gzjHXYjAMS7</filename>
<source>
<database>MyDatabase</database>
<annotation>COCO2017</annotation>
<image>flickr</image>
<flickrid>NULL</flickrid>
<annotator>1</annotator>
</source>
<owner>
<flickrid>NULL</flickrid>
<name>Label Studio</name>
</owner>
<size>
<width>896</width>
<height>896</height>
<depth>3</depth>
</size>
<segmented>0</segmented>
<object>
<name>chick</name>
<pose>Unspecified</pose>
<truncated>0</truncated>
<difficult>0</difficult>
<bndbox>
<xmin>227</xmin>
<ymin>137</ymin>
<xmax>456</xmax>
<ymax>562</ymax>
</bndbox>
</object>
</annotation>
