<?xml version="1.0" encoding="utf-8"?>
<annotation>
<folder>images</folder>
<filename>468ed904-ucexportviewid1sp-0UU5HtxdCA-TVurRLf6SpMb7bVIrH</filename>
<source>
<database>MyDatabase</database>
<annotation>COCO2017</annotation>
<image>flickr</image>
<flickrid>NULL</flickrid>
<annotator>1</annotator>
</source>
<owner>
<flickrid>NULL</flickrid>
<name>Label Studio</name>
</owner>
<size>
<width>896</width>
<height>896</height>
<depth>3</depth>
</size>
<segmented>0</segmented>
<object>
<name>cock</name>
<pose>Unspecified</pose>
<truncated>0</truncated>
<difficult>0</difficult>
<bndbox>
<xmin>198</xmin>
<ymin>100</ymin>
<xmax>419</xmax>
<ymax>340</ymax>
</bndbox>
</object>
<object>
<name>chick</name>
<pose>Unspecified</pose>
<truncated>0</truncated>
<difficult>0</difficult>
<bndbox>
<xmin>384</xmin>
<ymin>286</ymin>
<xmax>566</xmax>
<ymax>496</ymax>
</bndbox>
</object>
<object>
<name>duck</name>
<pose>Unspecified</pose>
<truncated>0</truncated>
<difficult>0</difficult>
<bndbox>
<xmin>538</xmin>
<ymin>438</ymin>
<xmax>715</xmax>
<ymax>669</ymax>
</bndbox>
</object>
</annotation>
