<?xml version="1.0" encoding="utf-8"?>
<annotation>
<folder>images</folder>
<filename>47c9c0ba-ucexportviewid1M3LG0aIUrd3ldav9KNUbSgcH8Hixy_VX</filename>
<source>
<database>MyDatabase</database>
<annotation>COCO2017</annotation>
<image>flickr</image>
<flickrid>NULL</flickrid>
<annotator>1</annotator>
</source>
<owner>
<flickrid>NULL</flickrid>
<name>Label Studio</name>
</owner>
<size>
<width>896</width>
<height>896</height>
<depth>3</depth>
</size>
<segmented>0</segmented>
<object>
<name>duck</name>
<pose>Unspecified</pose>
<truncated>0</truncated>
<difficult>0</difficult>
<bndbox>
<xmin>135</xmin>
<ymin>240</ymin>
<xmax>346</xmax>
<ymax>481</ymax>
</bndbox>
</object>
<object>
<name>cock</name>
<pose>Unspecified</pose>
<truncated>0</truncated>
<difficult>0</difficult>
<bndbox>
<xmin>431</xmin>
<ymin>214</ymin>
<xmax>608</xmax>
<ymax>485</ymax>
</bndbox>
</object>
<object>
<name>chick</name>
<pose>Unspecified</pose>
<truncated>0</truncated>
<difficult>0</difficult>
<bndbox>
<xmin>328</xmin>
<ymin>602</ymin>
<xmax>458</xmax>
<ymax>794</ymax>
</bndbox>
</object>
</annotation>
