<?xml version="1.0" encoding="utf-8"?>
<annotation>
<folder>images</folder>
<filename>4972f3d6-ucexportviewid1XkDmPO7dG7gWNW6ujZ6Gvrqt9pnlK_gA</filename>
<source>
<database>MyDatabase</database>
<annotation>COCO2017</annotation>
<image>flickr</image>
<flickrid>NULL</flickrid>
<annotator>1</annotator>
</source>
<owner>
<flickrid>NULL</flickrid>
<name>Label Studio</name>
</owner>
<size>
<width>896</width>
<height>896</height>
<depth>3</depth>
</size>
<segmented>0</segmented>
<object>
<name>chick</name>
<pose>Unspecified</pose>
<truncated>0</truncated>
<difficult>0</difficult>
<bndbox>
<xmin>389</xmin>
<ymin>375</ymin>
<xmax>670</xmax>
<ymax>700</ymax>
</bndbox>
</object>
</annotation>
