<?xml version="1.0" encoding="utf-8"?>
<annotation>
<folder>images</folder>
<filename>4d0b237d-ucexportviewid1OE9CbyttZHYcjWVQChzFQPN5BTleRK2c</filename>
<source>
<database>MyDatabase</database>
<annotation>COCO2017</annotation>
<image>flickr</image>
<flickrid>NULL</flickrid>
<annotator>1</annotator>
</source>
<owner>
<flickrid>NULL</flickrid>
<name>Label Studio</name>
</owner>
<size>
<width>896</width>
<height>896</height>
<depth>3</depth>
</size>
<segmented>0</segmented>
<object>
<name>cock</name>
<pose>Unspecified</pose>
<truncated>0</truncated>
<difficult>0</difficult>
<bndbox>
<xmin>266</xmin>
<ymin>187</ymin>
<xmax>454</xmax>
<ymax>366</ymax>
</bndbox>
</object>
<object>
<name>chick</name>
<pose>Unspecified</pose>
<truncated>0</truncated>
<difficult>0</difficult>
<bndbox>
<xmin>544</xmin>
<ymin>339</ymin>
<xmax>694</xmax>
<ymax>515</ymax>
</bndbox>
</object>
<object>
<name>duck</name>
<pose>Unspecified</pose>
<truncated>0</truncated>
<difficult>0</difficult>
<bndbox>
<xmin>307</xmin>
<ymin>491</ymin>
<xmax>445</xmax>
<ymax>730</ymax>
</bndbox>
</object>
</annotation>
