<?xml version="1.0" encoding="utf-8"?>
<annotation>
<folder>images</folder>
<filename>4e69f09a-ucexportviewid1zKc2SDn2cFjPwcJY0X5zBHFA4TsTMxxZ</filename>
<source>
<database>MyDatabase</database>
<annotation>COCO2017</annotation>
<image>flickr</image>
<flickrid>NULL</flickrid>
<annotator>1</annotator>
</source>
<owner>
<flickrid>NULL</flickrid>
<name>Label Studio</name>
</owner>
<size>
<width>896</width>
<height>896</height>
<depth>3</depth>
</size>
<segmented>0</segmented>
<object>
<name>chick</name>
<pose>Unspecified</pose>
<truncated>0</truncated>
<difficult>0</difficult>
<bndbox>
<xmin>347</xmin>
<ymin>363</ymin>
<xmax>572</xmax>
<ymax>650</ymax>
</bndbox>
</object>
</annotation>
