<?xml version="1.0" encoding="utf-8"?>
<annotation>
<folder>images</folder>
<filename>547ad233-ucexportviewid1dnUfeL3qXXkjCyrwYSxQonHCBumiQ2Bx</filename>
<source>
<database>MyDatabase</database>
<annotation>COCO2017</annotation>
<image>flickr</image>
<flickrid>NULL</flickrid>
<annotator>1</annotator>
</source>
<owner>
<flickrid>NULL</flickrid>
<name>Label Studio</name>
</owner>
<size>
<width>896</width>
<height>896</height>
<depth>3</depth>
</size>
<segmented>0</segmented>
<object>
<name>cock</name>
<pose>Unspecified</pose>
<truncated>0</truncated>
<difficult>0</difficult>
<bndbox>
<xmin>380</xmin>
<ymin>337</ymin>
<xmax>616</xmax>
<ymax>654</ymax>
</bndbox>
</object>
</annotation>
