<?xml version="1.0" encoding="utf-8"?>
<annotation>
<folder>images</folder>
<filename>56b26756-ucexportviewid1ygjKfJv68mR8k5s6QmqpvdEf93Gksg9x</filename>
<source>
<database>MyDatabase</database>
<annotation>COCO2017</annotation>
<image>flickr</image>
<flickrid>NULL</flickrid>
<annotator>1</annotator>
</source>
<owner>
<flickrid>NULL</flickrid>
<name>Label Studio</name>
</owner>
<size>
<width>896</width>
<height>896</height>
<depth>3</depth>
</size>
<segmented>0</segmented>
<object>
<name>cock</name>
<pose>Unspecified</pose>
<truncated>0</truncated>
<difficult>0</difficult>
<bndbox>
<xmin>537</xmin>
<ymin>533</ymin>
<xmax>728</xmax>
<ymax>795</ymax>
</bndbox>
</object>
<object>
<name>duck</name>
<pose>Unspecified</pose>
<truncated>0</truncated>
<difficult>0</difficult>
<bndbox>
<xmin>303</xmin>
<ymin>332</ymin>
<xmax>414</xmax>
<ymax>515</ymax>
</bndbox>
</object>
<object>
<name>chick</name>
<pose>Unspecified</pose>
<truncated>0</truncated>
<difficult>0</difficult>
<bndbox>
<xmin>420</xmin>
<ymin>423</ymin>
<xmax>524</xmax>
<ymax>635</ymax>
</bndbox>
</object>
</annotation>
