<?xml version="1.0" encoding="utf-8"?>
<annotation>
<folder>images</folder>
<filename>5a04e03e-ucexportviewid1SrYdb-mf5vD3_iXpgqRnwY65rt6hNWdv</filename>
<source>
<database>MyDatabase</database>
<annotation>COCO2017</annotation>
<image>flickr</image>
<flickrid>NULL</flickrid>
<annotator>1</annotator>
</source>
<owner>
<flickrid>NULL</flickrid>
<name>Label Studio</name>
</owner>
<size>
<width>896</width>
<height>896</height>
<depth>3</depth>
</size>
<segmented>0</segmented>
<object>
<name>cock</name>
<pose>Unspecified</pose>
<truncated>0</truncated>
<difficult>0</difficult>
<bndbox>
<xmin>197</xmin>
<ymin>282</ymin>
<xmax>445</xmax>
<ymax>700</ymax>
</bndbox>
</object>
</annotation>
