<?xml version="1.0" encoding="utf-8"?>
<annotation>
<folder>images</folder>
<filename>5e4abc18-ucexportviewid1FGmXWvkxK0jmn3wScVTK53p9r5Gl0e7G</filename>
<source>
<database>MyDatabase</database>
<annotation>COCO2017</annotation>
<image>flickr</image>
<flickrid>NULL</flickrid>
<annotator>1</annotator>
</source>
<owner>
<flickrid>NULL</flickrid>
<name>Label Studio</name>
</owner>
<size>
<width>896</width>
<height>896</height>
<depth>3</depth>
</size>
<segmented>0</segmented>
<object>
<name>chick</name>
<pose>Unspecified</pose>
<truncated>0</truncated>
<difficult>0</difficult>
<bndbox>
<xmin>256</xmin>
<ymin>306</ymin>
<xmax>502</xmax>
<ymax>610</ymax>
</bndbox>
</object>
</annotation>
