<?xml version="1.0" encoding="utf-8"?>
<annotation>
<folder>images</folder>
<filename>5f91f8ce-ucexportviewid1O-RVUq4kvsvmsQ9DzaY4W2sia9vJW1us</filename>
<source>
<database>MyDatabase</database>
<annotation>COCO2017</annotation>
<image>flickr</image>
<flickrid>NULL</flickrid>
<annotator>1</annotator>
</source>
<owner>
<flickrid>NULL</flickrid>
<name>Label Studio</name>
</owner>
<size>
<width>896</width>
<height>896</height>
<depth>3</depth>
</size>
<segmented>0</segmented>
<object>
<name>cock</name>
<pose>Unspecified</pose>
<truncated>0</truncated>
<difficult>0</difficult>
<bndbox>
<xmin>205</xmin>
<ymin>339</ymin>
<xmax>405</xmax>
<ymax>693</ymax>
</bndbox>
</object>
</annotation>
