<?xml version="1.0" encoding="utf-8"?>
<annotation>
<folder>images</folder>
<filename>5f9d849b-ucexportviewid17V8T0bp0bjV-qfGnH3Z1O59G8gC9Rh0e</filename>
<source>
<database>MyDatabase</database>
<annotation>COCO2017</annotation>
<image>flickr</image>
<flickrid>NULL</flickrid>
<annotator>1</annotator>
</source>
<owner>
<flickrid>NULL</flickrid>
<name>Label Studio</name>
</owner>
<size>
<width>896</width>
<height>896</height>
<depth>3</depth>
</size>
<segmented>0</segmented>
<object>
<name>cock</name>
<pose>Unspecified</pose>
<truncated>0</truncated>
<difficult>0</difficult>
<bndbox>
<xmin>270</xmin>
<ymin>227</ymin>
<xmax>476</xmax>
<ymax>636</ymax>
</bndbox>
</object>
</annotation>
