<?xml version="1.0" encoding="utf-8"?>
<annotation>
<folder>images</folder>
<filename>6331cece-ucexportviewid1MrNR4a1XA-WZOI_vq_amC4B_Pwi8DgHG</filename>
<source>
<database>MyDatabase</database>
<annotation>COCO2017</annotation>
<image>flickr</image>
<flickrid>NULL</flickrid>
<annotator>1</annotator>
</source>
<owner>
<flickrid>NULL</flickrid>
<name>Label Studio</name>
</owner>
<size>
<width>896</width>
<height>896</height>
<depth>3</depth>
</size>
<segmented>0</segmented>
<object>
<name>duck</name>
<pose>Unspecified</pose>
<truncated>0</truncated>
<difficult>0</difficult>
<bndbox>
<xmin>237</xmin>
<ymin>233</ymin>
<xmax>395</xmax>
<ymax>443</ymax>
</bndbox>
</object>
<object>
<name>cock</name>
<pose>Unspecified</pose>
<truncated>0</truncated>
<difficult>0</difficult>
<bndbox>
<xmin>532</xmin>
<ymin>229</ymin>
<xmax>765</xmax>
<ymax>399</ymax>
</bndbox>
</object>
<object>
<name>chick</name>
<pose>Unspecified</pose>
<truncated>0</truncated>
<difficult>0</difficult>
<bndbox>
<xmin>215</xmin>
<ymin>617</ymin>
<xmax>335</xmax>
<ymax>780</ymax>
</bndbox>
</object>
</annotation>
