<?xml version="1.0" encoding="utf-8"?>
<annotation>
<folder>images</folder>
<filename>63deca32-ucexportviewid14-y3h56qLqY-cD5YI9XgWR8plzhME_dW</filename>
<source>
<database>MyDatabase</database>
<annotation>COCO2017</annotation>
<image>flickr</image>
<flickrid>NULL</flickrid>
<annotator>1</annotator>
</source>
<owner>
<flickrid>NULL</flickrid>
<name>Label Studio</name>
</owner>
<size>
<width>896</width>
<height>896</height>
<depth>3</depth>
</size>
<segmented>0</segmented>
<object>
<name>cock</name>
<pose>Unspecified</pose>
<truncated>0</truncated>
<difficult>0</difficult>
<bndbox>
<xmin>356</xmin>
<ymin>167</ymin>
<xmax>557</xmax>
<ymax>539</ymax>
</bndbox>
</object>
</annotation>
