<?xml version="1.0" encoding="utf-8"?>
<annotation>
<folder>images</folder>
<filename>67d8a29e-ucexportviewid1glG-eFkg8nEd8EY9IHO_EBXLASpXa8g5</filename>
<source>
<database>MyDatabase</database>
<annotation>COCO2017</annotation>
<image>flickr</image>
<flickrid>NULL</flickrid>
<annotator>1</annotator>
</source>
<owner>
<flickrid>NULL</flickrid>
<name>Label Studio</name>
</owner>
<size>
<width>896</width>
<height>896</height>
<depth>3</depth>
</size>
<segmented>0</segmented>
<object>
<name>duck</name>
<pose>Unspecified</pose>
<truncated>0</truncated>
<difficult>0</difficult>
<bndbox>
<xmin>417</xmin>
<ymin>109</ymin>
<xmax>699</xmax>
<ymax>605</ymax>
</bndbox>
</object>
</annotation>
