<?xml version="1.0" encoding="utf-8"?>
<annotation>
<folder>images</folder>
<filename>681fad3c-ucexportviewid1sQaNhbVcTak2jUtz0N_4vQWrsLLNQwXx</filename>
<source>
<database>MyDatabase</database>
<annotation>COCO2017</annotation>
<image>flickr</image>
<flickrid>NULL</flickrid>
<annotator>1</annotator>
</source>
<owner>
<flickrid>NULL</flickrid>
<name>Label Studio</name>
</owner>
<size>
<width>896</width>
<height>896</height>
<depth>3</depth>
</size>
<segmented>0</segmented>
<object>
<name>chick</name>
<pose>Unspecified</pose>
<truncated>0</truncated>
<difficult>0</difficult>
<bndbox>
<xmin>482</xmin>
<ymin>382</ymin>
<xmax>619</xmax>
<ymax>677</ymax>
</bndbox>
</object>
</annotation>
