<?xml version="1.0" encoding="utf-8"?>
<annotation>
<folder>images</folder>
<filename>696a9f7e-ucexportviewid1qZNfL7RrYWsBTZpnTFC5A-BGrW2jjmlP</filename>
<source>
<database>MyDatabase</database>
<annotation>COCO2017</annotation>
<image>flickr</image>
<flickrid>NULL</flickrid>
<annotator>1</annotator>
</source>
<owner>
<flickrid>NULL</flickrid>
<name>Label Studio</name>
</owner>
<size>
<width>896</width>
<height>896</height>
<depth>3</depth>
</size>
<segmented>0</segmented>
<object>
<name>duck</name>
<pose>Unspecified</pose>
<truncated>0</truncated>
<difficult>0</difficult>
<bndbox>
<xmin>390</xmin>
<ymin>416</ymin>
<xmax>563</xmax>
<ymax>651</ymax>
</bndbox>
</object>
</annotation>
