<?xml version="1.0" encoding="utf-8"?>
<annotation>
<folder>images</folder>
<filename>7303b85a-ucexportviewid1ZxFP7ampKDZ2Zj1Jy-_VStUh89z5vInl</filename>
<source>
<database>MyDatabase</database>
<annotation>COCO2017</annotation>
<image>flickr</image>
<flickrid>NULL</flickrid>
<annotator>1</annotator>
</source>
<owner>
<flickrid>NULL</flickrid>
<name>Label Studio</name>
</owner>
<size>
<width>896</width>
<height>896</height>
<depth>3</depth>
</size>
<segmented>0</segmented>
<object>
<name>chick</name>
<pose>Unspecified</pose>
<truncated>0</truncated>
<difficult>0</difficult>
<bndbox>
<xmin>179</xmin>
<ymin>259</ymin>
<xmax>338</xmax>
<ymax>492</ymax>
</bndbox>
</object>
<object>
<name>duck</name>
<pose>Unspecified</pose>
<truncated>0</truncated>
<difficult>0</difficult>
<bndbox>
<xmin>569</xmin>
<ymin>276</ymin>
<xmax>740</xmax>
<ymax>549</ymax>
</bndbox>
</object>
<object>
<name>cock</name>
<pose>Unspecified</pose>
<truncated>0</truncated>
<difficult>0</difficult>
<bndbox>
<xmin>359</xmin>
<ymin>536</ymin>
<xmax>504</xmax>
<ymax>743</ymax>
</bndbox>
</object>
</annotation>
