<?xml version="1.0" encoding="utf-8"?>
<annotation>
<folder>images</folder>
<filename>7309f810-ucexportviewid1qOLG5q8-KzT4Y8rz2GJRkaQa8qKn0XQe</filename>
<source>
<database>MyDatabase</database>
<annotation>COCO2017</annotation>
<image>flickr</image>
<flickrid>NULL</flickrid>
<annotator>1</annotator>
</source>
<owner>
<flickrid>NULL</flickrid>
<name>Label Studio</name>
</owner>
<size>
<width>896</width>
<height>896</height>
<depth>3</depth>
</size>
<segmented>0</segmented>
<object>
<name>chick</name>
<pose>Unspecified</pose>
<truncated>0</truncated>
<difficult>0</difficult>
<bndbox>
<xmin>225</xmin>
<ymin>268</ymin>
<xmax>531</xmax>
<ymax>689</ymax>
</bndbox>
</object>
</annotation>
