<?xml version="1.0" encoding="utf-8"?>
<annotation>
<folder>images</folder>
<filename>74ac60e9-ucexportviewid1J3uMXaFl3KC7n3HZFZMDynEeza3oum7z</filename>
<source>
<database>MyDatabase</database>
<annotation>COCO2017</annotation>
<image>flickr</image>
<flickrid>NULL</flickrid>
<annotator>1</annotator>
</source>
<owner>
<flickrid>NULL</flickrid>
<name>Label Studio</name>
</owner>
<size>
<width>896</width>
<height>896</height>
<depth>3</depth>
</size>
<segmented>0</segmented>
<object>
<name>duck</name>
<pose>Unspecified</pose>
<truncated>0</truncated>
<difficult>0</difficult>
<bndbox>
<xmin>135</xmin>
<ymin>368</ymin>
<xmax>276</xmax>
<ymax>584</ymax>
</bndbox>
</object>
<object>
<name>cock</name>
<pose>Unspecified</pose>
<truncated>0</truncated>
<difficult>0</difficult>
<bndbox>
<xmin>405</xmin>
<ymin>235</ymin>
<xmax>500</xmax>
<ymax>445</ymax>
</bndbox>
</object>
<object>
<name>chick</name>
<pose>Unspecified</pose>
<truncated>0</truncated>
<difficult>0</difficult>
<bndbox>
<xmin>677</xmin>
<ymin>451</ymin>
<xmax>795</xmax>
<ymax>596</ymax>
</bndbox>
</object>
</annotation>
