<?xml version="1.0" encoding="utf-8"?>
<annotation>
<folder>images</folder>
<filename>7a2076e9-ucexportviewid1r8bKeYe2TJO36K6alCU-Tp5_64B747w1</filename>
<source>
<database>MyDatabase</database>
<annotation>COCO2017</annotation>
<image>flickr</image>
<flickrid>NULL</flickrid>
<annotator>1</annotator>
</source>
<owner>
<flickrid>NULL</flickrid>
<name>Label Studio</name>
</owner>
<size>
<width>896</width>
<height>896</height>
<depth>3</depth>
</size>
<segmented>0</segmented>
<object>
<name>chick</name>
<pose>Unspecified</pose>
<truncated>0</truncated>
<difficult>0</difficult>
<bndbox>
<xmin>299</xmin>
<ymin>351</ymin>
<xmax>438</xmax>
<ymax>668</ymax>
</bndbox>
</object>
</annotation>
