<?xml version="1.0" encoding="utf-8"?>
<annotation>
<folder>images</folder>
<filename>7a5b91f8-ucexportviewid1AyQT_g-h8xdiN1n1l9Swzn0a_Ok76PSN</filename>
<source>
<database>MyDatabase</database>
<annotation>COCO2017</annotation>
<image>flickr</image>
<flickrid>NULL</flickrid>
<annotator>1</annotator>
</source>
<owner>
<flickrid>NULL</flickrid>
<name>Label Studio</name>
</owner>
<size>
<width>896</width>
<height>896</height>
<depth>3</depth>
</size>
<segmented>0</segmented>
<object>
<name>duck</name>
<pose>Unspecified</pose>
<truncated>0</truncated>
<difficult>0</difficult>
<bndbox>
<xmin>258</xmin>
<ymin>422</ymin>
<xmax>437</xmax>
<ymax>679</ymax>
</bndbox>
</object>
</annotation>
