<?xml version="1.0" encoding="utf-8"?>
<annotation>
<folder>images</folder>
<filename>7ea7d817-ucexportviewid19bxcGHqp6a8q_WXqFREFLvYObISRhunj</filename>
<source>
<database>MyDatabase</database>
<annotation>COCO2017</annotation>
<image>flickr</image>
<flickrid>NULL</flickrid>
<annotator>1</annotator>
</source>
<owner>
<flickrid>NULL</flickrid>
<name>Label Studio</name>
</owner>
<size>
<width>896</width>
<height>896</height>
<depth>3</depth>
</size>
<segmented>0</segmented>
<object>
<name>chick</name>
<pose>Unspecified</pose>
<truncated>0</truncated>
<difficult>0</difficult>
<bndbox>
<xmin>170</xmin>
<ymin>462</ymin>
<xmax>373</xmax>
<ymax>639</ymax>
</bndbox>
</object>
<object>
<name>cock</name>
<pose>Unspecified</pose>
<truncated>0</truncated>
<difficult>0</difficult>
<bndbox>
<xmin>509</xmin>
<ymin>367</ymin>
<xmax>735</xmax>
<ymax>536</ymax>
</bndbox>
</object>
<object>
<name>duck</name>
<pose>Unspecified</pose>
<truncated>0</truncated>
<difficult>0</difficult>
<bndbox>
<xmin>340</xmin>
<ymin>103</ymin>
<xmax>548</xmax>
<ymax>371</ymax>
</bndbox>
</object>
</annotation>
