<?xml version="1.0" encoding="utf-8"?>
<annotation>
<folder>images</folder>
<filename>7f0d0ff3-ucexportviewid1h9Tvtkaj7KQck48iQn0Df9Qtcdl12VeX</filename>
<source>
<database>MyDatabase</database>
<annotation>COCO2017</annotation>
<image>flickr</image>
<flickrid>NULL</flickrid>
<annotator>1</annotator>
</source>
<owner>
<flickrid>NULL</flickrid>
<name>Label Studio</name>
</owner>
<size>
<width>896</width>
<height>896</height>
<depth>3</depth>
</size>
<segmented>0</segmented>
<object>
<name>duck</name>
<pose>Unspecified</pose>
<truncated>0</truncated>
<difficult>0</difficult>
<bndbox>
<xmin>47</xmin>
<ymin>324</ymin>
<xmax>223</xmax>
<ymax>548</ymax>
</bndbox>
</object>
<object>
<name>cock</name>
<pose>Unspecified</pose>
<truncated>0</truncated>
<difficult>0</difficult>
<bndbox>
<xmin>347</xmin>
<ymin>448</ymin>
<xmax>442</xmax>
<ymax>657</ymax>
</bndbox>
</object>
<object>
<name>chick</name>
<pose>Unspecified</pose>
<truncated>0</truncated>
<difficult>0</difficult>
<bndbox>
<xmin>628</xmin>
<ymin>99</ymin>
<xmax>790</xmax>
<ymax>361</ymax>
</bndbox>
</object>
</annotation>
