<?xml version="1.0" encoding="utf-8"?>
<annotation>
<folder>images</folder>
<filename>812b3e58-ucexportviewid18eqNtDkOoxGyHp2uubU6q2KO_I9L75Sw</filename>
<source>
<database>MyDatabase</database>
<annotation>COCO2017</annotation>
<image>flickr</image>
<flickrid>NULL</flickrid>
<annotator>1</annotator>
</source>
<owner>
<flickrid>NULL</flickrid>
<name>Label Studio</name>
</owner>
<size>
<width>896</width>
<height>896</height>
<depth>3</depth>
</size>
<segmented>0</segmented>
<object>
<name>cock</name>
<pose>Unspecified</pose>
<truncated>0</truncated>
<difficult>0</difficult>
<bndbox>
<xmin>179</xmin>
<ymin>464</ymin>
<xmax>356</xmax>
<ymax>708</ymax>
</bndbox>
</object>
<object>
<name>chick</name>
<pose>Unspecified</pose>
<truncated>0</truncated>
<difficult>0</difficult>
<bndbox>
<xmin>496</xmin>
<ymin>213</ymin>
<xmax>731</xmax>
<ymax>442</ymax>
</bndbox>
</object>
<object>
<name>duck</name>
<pose>Unspecified</pose>
<truncated>0</truncated>
<difficult>0</difficult>
<bndbox>
<xmin>482</xmin>
<ymin>541</ymin>
<xmax>644</xmax>
<ymax>740</ymax>
</bndbox>
</object>
</annotation>
