<?xml version="1.0" encoding="utf-8"?>
<annotation>
<folder>images</folder>
<filename>8420d3f2-ucexportviewid1jaVTz2LG0vepM6HLiiRu6TXnWjNQptQN</filename>
<source>
<database>MyDatabase</database>
<annotation>COCO2017</annotation>
<image>flickr</image>
<flickrid>NULL</flickrid>
<annotator>1</annotator>
</source>
<owner>
<flickrid>NULL</flickrid>
<name>Label Studio</name>
</owner>
<size>
<width>896</width>
<height>896</height>
<depth>3</depth>
</size>
<segmented>0</segmented>
<object>
<name>duck</name>
<pose>Unspecified</pose>
<truncated>0</truncated>
<difficult>0</difficult>
<bndbox>
<xmin>87</xmin>
<ymin>280</ymin>
<xmax>261</xmax>
<ymax>591</ymax>
</bndbox>
</object>
<object>
<name>chick</name>
<pose>Unspecified</pose>
<truncated>0</truncated>
<difficult>0</difficult>
<bndbox>
<xmin>366</xmin>
<ymin>306</ymin>
<xmax>474</xmax>
<ymax>565</ymax>
</bndbox>
</object>
<object>
<name>cock</name>
<pose>Unspecified</pose>
<truncated>0</truncated>
<difficult>0</difficult>
<bndbox>
<xmin>551</xmin>
<ymin>331</ymin>
<xmax>774</xmax>
<ymax>547</ymax>
</bndbox>
</object>
</annotation>
