<?xml version="1.0" encoding="utf-8"?>
<annotation>
<folder>images</folder>
<filename>84be27c0-ucexportviewid1vAg5BDghn3RZfxqAMT2qBq5_aaTF-k2b</filename>
<source>
<database>MyDatabase</database>
<annotation>COCO2017</annotation>
<image>flickr</image>
<flickrid>NULL</flickrid>
<annotator>1</annotator>
</source>
<owner>
<flickrid>NULL</flickrid>
<name>Label Studio</name>
</owner>
<size>
<width>896</width>
<height>896</height>
<depth>3</depth>
</size>
<segmented>0</segmented>
<object>
<name>chick</name>
<pose>Unspecified</pose>
<truncated>0</truncated>
<difficult>0</difficult>
<bndbox>
<xmin>231</xmin>
<ymin>198</ymin>
<xmax>452</xmax>
<ymax>556</ymax>
</bndbox>
</object>
</annotation>
