<?xml version="1.0" encoding="utf-8"?>
<annotation>
<folder>images</folder>
<filename>86f41bb3-ucexportviewid13A8wk4ISCxpEB7vDIysDVYMA8tWApc59</filename>
<source>
<database>MyDatabase</database>
<annotation>COCO2017</annotation>
<image>flickr</image>
<flickrid>NULL</flickrid>
<annotator>1</annotator>
</source>
<owner>
<flickrid>NULL</flickrid>
<name>Label Studio</name>
</owner>
<size>
<width>896</width>
<height>896</height>
<depth>3</depth>
</size>
<segmented>0</segmented>
<object>
<name>cock</name>
<pose>Unspecified</pose>
<truncated>0</truncated>
<difficult>0</difficult>
<bndbox>
<xmin>199</xmin>
<ymin>33</ymin>
<xmax>450</xmax>
<ymax>581</ymax>
</bndbox>
</object>
</annotation>
