<?xml version="1.0" encoding="utf-8"?>
<annotation>
<folder>images</folder>
<filename>8842eb02-ucexportviewid121GEGb1uswbd0Y-oPBDybHd1O_rPSMDH</filename>
<source>
<database>MyDatabase</database>
<annotation>COCO2017</annotation>
<image>flickr</image>
<flickrid>NULL</flickrid>
<annotator>1</annotator>
</source>
<owner>
<flickrid>NULL</flickrid>
<name>Label Studio</name>
</owner>
<size>
<width>896</width>
<height>896</height>
<depth>3</depth>
</size>
<segmented>0</segmented>
<object>
<name>cock</name>
<pose>Unspecified</pose>
<truncated>0</truncated>
<difficult>0</difficult>
<bndbox>
<xmin>82</xmin>
<ymin>331</ymin>
<xmax>244</xmax>
<ymax>596</ymax>
</bndbox>
</object>
<object>
<name>chick</name>
<pose>Unspecified</pose>
<truncated>0</truncated>
<difficult>0</difficult>
<bndbox>
<xmin>347</xmin>
<ymin>372</ymin>
<xmax>466</xmax>
<ymax>578</ymax>
</bndbox>
</object>
<object>
<name>duck</name>
<pose>Unspecified</pose>
<truncated>0</truncated>
<difficult>0</difficult>
<bndbox>
<xmin>560</xmin>
<ymin>348</ymin>
<xmax>717</xmax>
<ymax>609</ymax>
</bndbox>
</object>
</annotation>
