<?xml version="1.0" encoding="utf-8"?>
<annotation>
<folder>images</folder>
<filename>8cfc7b35-ucexportviewid1w7jEtxf0GbgJ-eChnMy1TFWyVaZ9aMmt</filename>
<source>
<database>MyDatabase</database>
<annotation>COCO2017</annotation>
<image>flickr</image>
<flickrid>NULL</flickrid>
<annotator>1</annotator>
</source>
<owner>
<flickrid>NULL</flickrid>
<name>Label Studio</name>
</owner>
<size>
<width>896</width>
<height>896</height>
<depth>3</depth>
</size>
<segmented>0</segmented>
<object>
<name>duck</name>
<pose>Unspecified</pose>
<truncated>0</truncated>
<difficult>0</difficult>
<bndbox>
<xmin>276</xmin>
<ymin>181</ymin>
<xmax>524</xmax>
<ymax>660</ymax>
</bndbox>
</object>
</annotation>
