<?xml version="1.0" encoding="utf-8"?>
<annotation>
<folder>images</folder>
<filename>8d58a9e7-ucexportviewid1gIEL2qN-udd9HoPU1Zl6RIR7qrjFo6Jp</filename>
<source>
<database>MyDatabase</database>
<annotation>COCO2017</annotation>
<image>flickr</image>
<flickrid>NULL</flickrid>
<annotator>1</annotator>
</source>
<owner>
<flickrid>NULL</flickrid>
<name>Label Studio</name>
</owner>
<size>
<width>896</width>
<height>896</height>
<depth>3</depth>
</size>
<segmented>0</segmented>
<object>
<name>cock</name>
<pose>Unspecified</pose>
<truncated>0</truncated>
<difficult>0</difficult>
<bndbox>
<xmin>241</xmin>
<ymin>307</ymin>
<xmax>397</xmax>
<ymax>616</ymax>
</bndbox>
</object>
<object>
<name>chick</name>
<pose>Unspecified</pose>
<truncated>0</truncated>
<difficult>0</difficult>
<bndbox>
<xmin>566</xmin>
<ymin>381</ymin>
<xmax>744</xmax>
<ymax>611</ymax>
</bndbox>
</object>
<object>
<name>duck</name>
<pose>Unspecified</pose>
<truncated>0</truncated>
<difficult>0</difficult>
<bndbox>
<xmin>399</xmin>
<ymin>602</ymin>
<xmax>515</xmax>
<ymax>771</ymax>
</bndbox>
</object>
</annotation>
