<?xml version="1.0" encoding="utf-8"?>
<annotation>
<folder>images</folder>
<filename>90c691d0-ucexportviewid1zq7aWSOzfO2hCnTgCIXsjj6J-QWy5FPb</filename>
<source>
<database>MyDatabase</database>
<annotation>COCO2017</annotation>
<image>flickr</image>
<flickrid>NULL</flickrid>
<annotator>1</annotator>
</source>
<owner>
<flickrid>NULL</flickrid>
<name>Label Studio</name>
</owner>
<size>
<width>896</width>
<height>896</height>
<depth>3</depth>
</size>
<segmented>0</segmented>
<object>
<name>duck</name>
<pose>Unspecified</pose>
<truncated>0</truncated>
<difficult>0</difficult>
<bndbox>
<xmin>44</xmin>
<ymin>312</ymin>
<xmax>270</xmax>
<ymax>532</ymax>
</bndbox>
</object>
<object>
<name>cock</name>
<pose>Unspecified</pose>
<truncated>0</truncated>
<difficult>0</difficult>
<bndbox>
<xmin>493</xmin>
<ymin>249</ymin>
<xmax>675</xmax>
<ymax>412</ymax>
</bndbox>
</object>
<object>
<name>chick</name>
<pose>Unspecified</pose>
<truncated>0</truncated>
<difficult>0</difficult>
<bndbox>
<xmin>377</xmin>
<ymin>493</ymin>
<xmax>547</xmax>
<ymax>739</ymax>
</bndbox>
</object>
</annotation>
