<?xml version="1.0" encoding="utf-8"?>
<annotation>
<folder>images</folder>
<filename>91c10a67-ucexportviewid1lIn5gDfEMga_Tk7zIdn653gNHCj1T75d</filename>
<source>
<database>MyDatabase</database>
<annotation>COCO2017</annotation>
<image>flickr</image>
<flickrid>NULL</flickrid>
<annotator>1</annotator>
</source>
<owner>
<flickrid>NULL</flickrid>
<name>Label Studio</name>
</owner>
<size>
<width>896</width>
<height>896</height>
<depth>3</depth>
</size>
<segmented>0</segmented>
<object>
<name>chick</name>
<pose>Unspecified</pose>
<truncated>0</truncated>
<difficult>0</difficult>
<bndbox>
<xmin>340</xmin>
<ymin>356</ymin>
<xmax>509</xmax>
<ymax>544</ymax>
</bndbox>
</object>
</annotation>
