<?xml version="1.0" encoding="utf-8"?>
<annotation>
<folder>images</folder>
<filename>953594ad-ucexportviewid16wEu89u0sYOpQtGw8AGS4G5c47vTYreB</filename>
<source>
<database>MyDatabase</database>
<annotation>COCO2017</annotation>
<image>flickr</image>
<flickrid>NULL</flickrid>
<annotator>1</annotator>
</source>
<owner>
<flickrid>NULL</flickrid>
<name>Label Studio</name>
</owner>
<size>
<width>896</width>
<height>896</height>
<depth>3</depth>
</size>
<segmented>0</segmented>
<object>
<name>duck</name>
<pose>Unspecified</pose>
<truncated>0</truncated>
<difficult>0</difficult>
<bndbox>
<xmin>204</xmin>
<ymin>485</ymin>
<xmax>329</xmax>
<ymax>628</ymax>
</bndbox>
</object>
<object>
<name>cock</name>
<pose>Unspecified</pose>
<truncated>0</truncated>
<difficult>0</difficult>
<bndbox>
<xmin>469</xmin>
<ymin>125</ymin>
<xmax>585</xmax>
<ymax>318</ymax>
</bndbox>
</object>
<object>
<name>chick</name>
<pose>Unspecified</pose>
<truncated>0</truncated>
<difficult>0</difficult>
<bndbox>
<xmin>448</xmin>
<ymin>633</ymin>
<xmax>591</xmax>
<ymax>778</ymax>
</bndbox>
</object>
</annotation>
