<?xml version="1.0" encoding="utf-8"?>
<annotation>
<folder>images</folder>
<filename>9557d5d8-ucexportviewid1MPi4PD2cFryHUdD-qO19nwGhNBw0MoAG</filename>
<source>
<database>MyDatabase</database>
<annotation>COCO2017</annotation>
<image>flickr</image>
<flickrid>NULL</flickrid>
<annotator>1</annotator>
</source>
<owner>
<flickrid>NULL</flickrid>
<name>Label Studio</name>
</owner>
<size>
<width>896</width>
<height>896</height>
<depth>3</depth>
</size>
<segmented>0</segmented>
<object>
<name>cock</name>
<pose>Unspecified</pose>
<truncated>0</truncated>
<difficult>0</difficult>
<bndbox>
<xmin>122</xmin>
<ymin>276</ymin>
<xmax>272</xmax>
<ymax>528</ymax>
</bndbox>
</object>
<object>
<name>chick</name>
<pose>Unspecified</pose>
<truncated>0</truncated>
<difficult>0</difficult>
<bndbox>
<xmin>364</xmin>
<ymin>59</ymin>
<xmax>460</xmax>
<ymax>276</ymax>
</bndbox>
</object>
<object>
<name>duck</name>
<pose>Unspecified</pose>
<truncated>0</truncated>
<difficult>0</difficult>
<bndbox>
<xmin>427</xmin>
<ymin>586</ymin>
<xmax>560</xmax>
<ymax>821</ymax>
</bndbox>
</object>
</annotation>
