<?xml version="1.0" encoding="utf-8"?>
<annotation>
<folder>images</folder>
<filename>97dcf887-ucexportviewid1w3DA2Cz3IH7pMAhxwm0qlsnkVDSQ57GF</filename>
<source>
<database>MyDatabase</database>
<annotation>COCO2017</annotation>
<image>flickr</image>
<flickrid>NULL</flickrid>
<annotator>1</annotator>
</source>
<owner>
<flickrid>NULL</flickrid>
<name>Label Studio</name>
</owner>
<size>
<width>896</width>
<height>896</height>
<depth>3</depth>
</size>
<segmented>0</segmented>
<object>
<name>duck</name>
<pose>Unspecified</pose>
<truncated>0</truncated>
<difficult>0</difficult>
<bndbox>
<xmin>159</xmin>
<ymin>332</ymin>
<xmax>307</xmax>
<ymax>574</ymax>
</bndbox>
</object>
<object>
<name>chick</name>
<pose>Unspecified</pose>
<truncated>0</truncated>
<difficult>0</difficult>
<bndbox>
<xmin>400</xmin>
<ymin>487</ymin>
<xmax>477</xmax>
<ymax>652</ymax>
</bndbox>
</object>
<object>
<name>cock</name>
<pose>Unspecified</pose>
<truncated>0</truncated>
<difficult>0</difficult>
<bndbox>
<xmin>504</xmin>
<ymin>263</ymin>
<xmax>661</xmax>
<ymax>531</ymax>
</bndbox>
</object>
</annotation>
