<?xml version="1.0" encoding="utf-8"?>
<annotation>
<folder>images</folder>
<filename>9898e4f0-ucexportviewid1WkUZuL3JQrlMnTl2-c8C0ucsIJHhJWnO</filename>
<source>
<database>MyDatabase</database>
<annotation>COCO2017</annotation>
<image>flickr</image>
<flickrid>NULL</flickrid>
<annotator>1</annotator>
</source>
<owner>
<flickrid>NULL</flickrid>
<name>Label Studio</name>
</owner>
<size>
<width>896</width>
<height>896</height>
<depth>3</depth>
</size>
<segmented>0</segmented>
<object>
<name>cock</name>
<pose>Unspecified</pose>
<truncated>0</truncated>
<difficult>0</difficult>
<bndbox>
<xmin>255</xmin>
<ymin>170</ymin>
<xmax>488</xmax>
<ymax>740</ymax>
</bndbox>
</object>
</annotation>
