<?xml version="1.0" encoding="utf-8"?>
<annotation>
<folder>images</folder>
<filename>996998a0-ucexportviewid158-9wM_CV5dYhvZJ_dQzxUczAegPJAV_</filename>
<source>
<database>MyDatabase</database>
<annotation>COCO2017</annotation>
<image>flickr</image>
<flickrid>NULL</flickrid>
<annotator>1</annotator>
</source>
<owner>
<flickrid>NULL</flickrid>
<name>Label Studio</name>
</owner>
<size>
<width>896</width>
<height>896</height>
<depth>3</depth>
</size>
<segmented>0</segmented>
<object>
<name>cock</name>
<pose>Unspecified</pose>
<truncated>0</truncated>
<difficult>0</difficult>
<bndbox>
<xmin>309</xmin>
<ymin>423</ymin>
<xmax>575</xmax>
<ymax>677</ymax>
</bndbox>
</object>
</annotation>
