<?xml version="1.0" encoding="utf-8"?>
<annotation>
<folder>images</folder>
<filename>9b97c0b6-ucexportviewid10_eT5eoUys5yihAkD0POQcb8sO-mUVTy</filename>
<source>
<database>MyDatabase</database>
<annotation>COCO2017</annotation>
<image>flickr</image>
<flickrid>NULL</flickrid>
<annotator>1</annotator>
</source>
<owner>
<flickrid>NULL</flickrid>
<name>Label Studio</name>
</owner>
<size>
<width>896</width>
<height>896</height>
<depth>3</depth>
</size>
<segmented>0</segmented>
<object>
<name>duck</name>
<pose>Unspecified</pose>
<truncated>0</truncated>
<difficult>0</difficult>
<bndbox>
<xmin>453</xmin>
<ymin>106</ymin>
<xmax>594</xmax>
<ymax>365</ymax>
</bndbox>
</object>
</annotation>
