<?xml version="1.0" encoding="utf-8"?>
<annotation>
<folder>images</folder>
<filename>a012ce2e-ucexportviewid14Iwj-e2AOdFOyezm2JWY1E5hJ3idyFta</filename>
<source>
<database>MyDatabase</database>
<annotation>COCO2017</annotation>
<image>flickr</image>
<flickrid>NULL</flickrid>
<annotator>1</annotator>
</source>
<owner>
<flickrid>NULL</flickrid>
<name>Label Studio</name>
</owner>
<size>
<width>896</width>
<height>896</height>
<depth>3</depth>
</size>
<segmented>0</segmented>
<object>
<name>cock</name>
<pose>Unspecified</pose>
<truncated>0</truncated>
<difficult>0</difficult>
<bndbox>
<xmin>290</xmin>
<ymin>15</ymin>
<xmax>388</xmax>
<ymax>237</ymax>
</bndbox>
</object>
<object>
<name>chick</name>
<pose>Unspecified</pose>
<truncated>0</truncated>
<difficult>0</difficult>
<bndbox>
<xmin>305</xmin>
<ymin>301</ymin>
<xmax>405</xmax>
<ymax>484</ymax>
</bndbox>
</object>
<object>
<name>duck</name>
<pose>Unspecified</pose>
<truncated>0</truncated>
<difficult>0</difficult>
<bndbox>
<xmin>305</xmin>
<ymin>575</ymin>
<xmax>444</xmax>
<ymax>856</ymax>
</bndbox>
</object>
</annotation>
