<?xml version="1.0" encoding="utf-8"?>
<annotation>
<folder>images</folder>
<filename>a098ff9f-ucexportviewid1IOt811uGf8zP244wb2QgFlk2pEZmCgpn</filename>
<source>
<database>MyDatabase</database>
<annotation>COCO2017</annotation>
<image>flickr</image>
<flickrid>NULL</flickrid>
<annotator>1</annotator>
</source>
<owner>
<flickrid>NULL</flickrid>
<name>Label Studio</name>
</owner>
<size>
<width>896</width>
<height>896</height>
<depth>3</depth>
</size>
<segmented>0</segmented>
<object>
<name>chick</name>
<pose>Unspecified</pose>
<truncated>0</truncated>
<difficult>0</difficult>
<bndbox>
<xmin>232</xmin>
<ymin>304</ymin>
<xmax>507</xmax>
<ymax>568</ymax>
</bndbox>
</object>
</annotation>
