<?xml version="1.0" encoding="utf-8"?>
<annotation>
<folder>images</folder>
<filename>a0d89703-ucexportviewid1Yq1as-oKJR-ZWJ9t4sfw0Y42jriUmljz</filename>
<source>
<database>MyDatabase</database>
<annotation>COCO2017</annotation>
<image>flickr</image>
<flickrid>NULL</flickrid>
<annotator>1</annotator>
</source>
<owner>
<flickrid>NULL</flickrid>
<name>Label Studio</name>
</owner>
<size>
<width>896</width>
<height>896</height>
<depth>3</depth>
</size>
<segmented>0</segmented>
<object>
<name>chick</name>
<pose>Unspecified</pose>
<truncated>0</truncated>
<difficult>0</difficult>
<bndbox>
<xmin>182</xmin>
<ymin>379</ymin>
<xmax>503</xmax>
<ymax>788</ymax>
</bndbox>
</object>
</annotation>
