<?xml version="1.0" encoding="utf-8"?>
<annotation>
<folder>images</folder>
<filename>a39c40fb-ucexportviewid1B9PwtraHi737MEj9HIOrYnhqt6EZry3-</filename>
<source>
<database>MyDatabase</database>
<annotation>COCO2017</annotation>
<image>flickr</image>
<flickrid>NULL</flickrid>
<annotator>1</annotator>
</source>
<owner>
<flickrid>NULL</flickrid>
<name>Label Studio</name>
</owner>
<size>
<width>896</width>
<height>896</height>
<depth>3</depth>
</size>
<segmented>0</segmented>
<object>
<name>chick</name>
<pose>Unspecified</pose>
<truncated>0</truncated>
<difficult>0</difficult>
<bndbox>
<xmin>111</xmin>
<ymin>287</ymin>
<xmax>284</xmax>
<ymax>619</ymax>
</bndbox>
</object>
<object>
<name>cock</name>
<pose>Unspecified</pose>
<truncated>0</truncated>
<difficult>0</difficult>
<bndbox>
<xmin>633</xmin>
<ymin>171</ymin>
<xmax>799</xmax>
<ymax>532</ymax>
</bndbox>
</object>
<object>
<name>duck</name>
<pose>Unspecified</pose>
<truncated>0</truncated>
<difficult>0</difficult>
<bndbox>
<xmin>368</xmin>
<ymin>258</ymin>
<xmax>574</xmax>
<ymax>591</ymax>
</bndbox>
</object>
</annotation>
