<?xml version="1.0" encoding="utf-8"?>
<annotation>
<folder>images</folder>
<filename>a5f621b4-ucexportviewid128PNwb5H53E3sCWE0T8fk60--vk43FNo</filename>
<source>
<database>MyDatabase</database>
<annotation>COCO2017</annotation>
<image>flickr</image>
<flickrid>NULL</flickrid>
<annotator>1</annotator>
</source>
<owner>
<flickrid>NULL</flickrid>
<name>Label Studio</name>
</owner>
<size>
<width>896</width>
<height>896</height>
<depth>3</depth>
</size>
<segmented>0</segmented>
<object>
<name>chick</name>
<pose>Unspecified</pose>
<truncated>0</truncated>
<difficult>0</difficult>
<bndbox>
<xmin>315</xmin>
<ymin>307</ymin>
<xmax>578</xmax>
<ymax>586</ymax>
</bndbox>
</object>
</annotation>
