<?xml version="1.0" encoding="utf-8"?>
<annotation>
<folder>images</folder>
<filename>ab018366-ucexportviewid1aaM8PUHswEWLTMx0S7CziiqfPtCQmMfv</filename>
<source>
<database>MyDatabase</database>
<annotation>COCO2017</annotation>
<image>flickr</image>
<flickrid>NULL</flickrid>
<annotator>1</annotator>
</source>
<owner>
<flickrid>NULL</flickrid>
<name>Label Studio</name>
</owner>
<size>
<width>896</width>
<height>896</height>
<depth>3</depth>
</size>
<segmented>0</segmented>
<object>
<name>cock</name>
<pose>Unspecified</pose>
<truncated>0</truncated>
<difficult>0</difficult>
<bndbox>
<xmin>266</xmin>
<ymin>622</ymin>
<xmax>428</xmax>
<ymax>859</ymax>
</bndbox>
</object>
<object>
<name>duck</name>
<pose>Unspecified</pose>
<truncated>0</truncated>
<difficult>0</difficult>
<bndbox>
<xmin>498</xmin>
<ymin>464</ymin>
<xmax>680</xmax>
<ymax>710</ymax>
</bndbox>
</object>
<object>
<name>chick</name>
<pose>Unspecified</pose>
<truncated>0</truncated>
<difficult>0</difficult>
<bndbox>
<xmin>334</xmin>
<ymin>133</ymin>
<xmax>497</xmax>
<ymax>358</ymax>
</bndbox>
</object>
</annotation>
