<?xml version="1.0" encoding="utf-8"?>
<annotation>
<folder>images</folder>
<filename>afb77a62-ucexportviewid1Mnr8_61up8HXcVcHFiiztvjwWV5CX2Dd</filename>
<source>
<database>MyDatabase</database>
<annotation>COCO2017</annotation>
<image>flickr</image>
<flickrid>NULL</flickrid>
<annotator>1</annotator>
</source>
<owner>
<flickrid>NULL</flickrid>
<name>Label Studio</name>
</owner>
<size>
<width>896</width>
<height>896</height>
<depth>3</depth>
</size>
<segmented>0</segmented>
<object>
<name>chick</name>
<pose>Unspecified</pose>
<truncated>0</truncated>
<difficult>0</difficult>
<bndbox>
<xmin>313</xmin>
<ymin>749</ymin>
<xmax>420</xmax>
<ymax>886</ymax>
</bndbox>
</object>
<object>
<name>duck</name>
<pose>Unspecified</pose>
<truncated>0</truncated>
<difficult>0</difficult>
<bndbox>
<xmin>644</xmin>
<ymin>306</ymin>
<xmax>792</xmax>
<ymax>452</ymax>
</bndbox>
</object>
<object>
<name>cock</name>
<pose>Unspecified</pose>
<truncated>0</truncated>
<difficult>0</difficult>
<bndbox>
<xmin>339</xmin>
<ymin>262</ymin>
<xmax>495</xmax>
<ymax>402</ymax>
</bndbox>
</object>
</annotation>
