<?xml version="1.0" encoding="utf-8"?>
<annotation>
<folder>images</folder>
<filename>b26aed9d-ucexportviewid1H48ZauY2Pm47luXqUp8umA1nB915Kbqx</filename>
<source>
<database>MyDatabase</database>
<annotation>COCO2017</annotation>
<image>flickr</image>
<flickrid>NULL</flickrid>
<annotator>1</annotator>
</source>
<owner>
<flickrid>NULL</flickrid>
<name>Label Studio</name>
</owner>
<size>
<width>896</width>
<height>896</height>
<depth>3</depth>
</size>
<segmented>0</segmented>
<object>
<name>duck</name>
<pose>Unspecified</pose>
<truncated>0</truncated>
<difficult>0</difficult>
<bndbox>
<xmin>364</xmin>
<ymin>553</ymin>
<xmax>509</xmax>
<ymax>757</ymax>
</bndbox>
</object>
</annotation>
