<?xml version="1.0" encoding="utf-8"?>
<annotation>
<folder>images</folder>
<filename>b5f312fa-ucexportviewid1OCVRhIbUvPiacl-hf2MJrl-kRcWTXvSC</filename>
<source>
<database>MyDatabase</database>
<annotation>COCO2017</annotation>
<image>flickr</image>
<flickrid>NULL</flickrid>
<annotator>1</annotator>
</source>
<owner>
<flickrid>NULL</flickrid>
<name>Label Studio</name>
</owner>
<size>
<width>896</width>
<height>896</height>
<depth>3</depth>
</size>
<segmented>0</segmented>
<object>
<name>duck</name>
<pose>Unspecified</pose>
<truncated>0</truncated>
<difficult>0</difficult>
<bndbox>
<xmin>414</xmin>
<ymin>620</ymin>
<xmax>519</xmax>
<ymax>812</ymax>
</bndbox>
</object>
<object>
<name>chick</name>
<pose>Unspecified</pose>
<truncated>0</truncated>
<difficult>0</difficult>
<bndbox>
<xmin>413</xmin>
<ymin>399</ymin>
<xmax>505</xmax>
<ymax>603</ymax>
</bndbox>
</object>
<object>
<name>cock</name>
<pose>Unspecified</pose>
<truncated>0</truncated>
<difficult>0</difficult>
<bndbox>
<xmin>367</xmin>
<ymin>58</ymin>
<xmax>519</xmax>
<ymax>350</ymax>
</bndbox>
</object>
</annotation>
