<?xml version="1.0" encoding="utf-8"?>
<annotation>
<folder>images</folder>
<filename>b6a82b59-ucexportviewid1M7Y0S8bFNjOAFhqqgSlPGQeSRXholY_R</filename>
<source>
<database>MyDatabase</database>
<annotation>COCO2017</annotation>
<image>flickr</image>
<flickrid>NULL</flickrid>
<annotator>1</annotator>
</source>
<owner>
<flickrid>NULL</flickrid>
<name>Label Studio</name>
</owner>
<size>
<width>896</width>
<height>896</height>
<depth>3</depth>
</size>
<segmented>0</segmented>
<object>
<name>cock</name>
<pose>Unspecified</pose>
<truncated>0</truncated>
<difficult>0</difficult>
<bndbox>
<xmin>323</xmin>
<ymin>425</ymin>
<xmax>560</xmax>
<ymax>720</ymax>
</bndbox>
</object>
</annotation>
