<?xml version="1.0" encoding="utf-8"?>
<annotation>
<folder>images</folder>
<filename>b7e48ab6-ucexportviewid1iiyXdDiUohTT0FQZ2qOMMYlyRMRGJ55b</filename>
<source>
<database>MyDatabase</database>
<annotation>COCO2017</annotation>
<image>flickr</image>
<flickrid>NULL</flickrid>
<annotator>1</annotator>
</source>
<owner>
<flickrid>NULL</flickrid>
<name>Label Studio</name>
</owner>
<size>
<width>896</width>
<height>896</height>
<depth>3</depth>
</size>
<segmented>0</segmented>
<object>
<name>duck</name>
<pose>Unspecified</pose>
<truncated>0</truncated>
<difficult>0</difficult>
<bndbox>
<xmin>233</xmin>
<ymin>425</ymin>
<xmax>523</xmax>
<ymax>758</ymax>
</bndbox>
</object>
</annotation>
