<?xml version="1.0" encoding="utf-8"?>
<annotation>
<folder>images</folder>
<filename>b91729c1-ucexportviewid1EYmZIqzmJpYCbcejzgZz4brrl_DYIvHT</filename>
<source>
<database>MyDatabase</database>
<annotation>COCO2017</annotation>
<image>flickr</image>
<flickrid>NULL</flickrid>
<annotator>1</annotator>
</source>
<owner>
<flickrid>NULL</flickrid>
<name>Label Studio</name>
</owner>
<size>
<width>896</width>
<height>896</height>
<depth>3</depth>
</size>
<segmented>0</segmented>
<object>
<name>chick</name>
<pose>Unspecified</pose>
<truncated>0</truncated>
<difficult>0</difficult>
<bndbox>
<xmin>123</xmin>
<ymin>261</ymin>
<xmax>253</xmax>
<ymax>596</ymax>
</bndbox>
</object>
<object>
<name>duck</name>
<pose>Unspecified</pose>
<truncated>0</truncated>
<difficult>0</difficult>
<bndbox>
<xmin>335</xmin>
<ymin>280</ymin>
<xmax>510</xmax>
<ymax>600</ymax>
</bndbox>
</object>
<object>
<name>cock</name>
<pose>Unspecified</pose>
<truncated>0</truncated>
<difficult>0</difficult>
<bndbox>
<xmin>589</xmin>
<ymin>202</ymin>
<xmax>721</xmax>
<ymax>602</ymax>
</bndbox>
</object>
</annotation>
