<?xml version="1.0" encoding="utf-8"?>
<annotation>
<folder>images</folder>
<filename>ba325d9b-ucexportviewid1A6UsXD5LFNwVms5eUPhZgBI2HBzVM79U</filename>
<source>
<database>MyDatabase</database>
<annotation>COCO2017</annotation>
<image>flickr</image>
<flickrid>NULL</flickrid>
<annotator>1</annotator>
</source>
<owner>
<flickrid>NULL</flickrid>
<name>Label Studio</name>
</owner>
<size>
<width>896</width>
<height>896</height>
<depth>3</depth>
</size>
<segmented>0</segmented>
<object>
<name>cock</name>
<pose>Unspecified</pose>
<truncated>0</truncated>
<difficult>0</difficult>
<bndbox>
<xmin>367</xmin>
<ymin>194</ymin>
<xmax>575</xmax>
<ymax>478</ymax>
</bndbox>
</object>
</annotation>
