<?xml version="1.0" encoding="utf-8"?>
<annotation>
<folder>images</folder>
<filename>ba739fd4-ucexportviewid1wMpIfVU-5tVulq8xg0FAve6YRPO6T1R2</filename>
<source>
<database>MyDatabase</database>
<annotation>COCO2017</annotation>
<image>flickr</image>
<flickrid>NULL</flickrid>
<annotator>1</annotator>
</source>
<owner>
<flickrid>NULL</flickrid>
<name>Label Studio</name>
</owner>
<size>
<width>896</width>
<height>896</height>
<depth>3</depth>
</size>
<segmented>0</segmented>
<object>
<name>chick</name>
<pose>Unspecified</pose>
<truncated>0</truncated>
<difficult>0</difficult>
<bndbox>
<xmin>178</xmin>
<ymin>310</ymin>
<xmax>403</xmax>
<ymax>810</ymax>
</bndbox>
</object>
</annotation>
