<?xml version="1.0" encoding="utf-8"?>
<annotation>
<folder>images</folder>
<filename>c6173cad-ucexportviewid10eSNtLPJVnmKcDWjuS5QaRbg3voy-6un</filename>
<source>
<database>MyDatabase</database>
<annotation>COCO2017</annotation>
<image>flickr</image>
<flickrid>NULL</flickrid>
<annotator>1</annotator>
</source>
<owner>
<flickrid>NULL</flickrid>
<name>Label Studio</name>
</owner>
<size>
<width>896</width>
<height>896</height>
<depth>3</depth>
</size>
<segmented>0</segmented>
<object>
<name>cock</name>
<pose>Unspecified</pose>
<truncated>0</truncated>
<difficult>0</difficult>
<bndbox>
<xmin>253</xmin>
<ymin>534</ymin>
<xmax>363</xmax>
<ymax>794</ymax>
</bndbox>
</object>
<object>
<name>chick</name>
<pose>Unspecified</pose>
<truncated>0</truncated>
<difficult>0</difficult>
<bndbox>
<xmin>508</xmin>
<ymin>555</ymin>
<xmax>601</xmax>
<ymax>793</ymax>
</bndbox>
</object>
<object>
<name>duck</name>
<pose>Unspecified</pose>
<truncated>0</truncated>
<difficult>0</difficult>
<bndbox>
<xmin>393</xmin>
<ymin>174</ymin>
<xmax>596</xmax>
<ymax>529</ymax>
</bndbox>
</object>
</annotation>
