<?xml version="1.0" encoding="utf-8"?>
<annotation>
<folder>images</folder>
<filename>cb32eeed-ucexportviewid1AH8K8FyM9-9Urb1G4IIgmUfLcqg1d32y</filename>
<source>
<database>MyDatabase</database>
<annotation>COCO2017</annotation>
<image>flickr</image>
<flickrid>NULL</flickrid>
<annotator>1</annotator>
</source>
<owner>
<flickrid>NULL</flickrid>
<name>Label Studio</name>
</owner>
<size>
<width>896</width>
<height>896</height>
<depth>3</depth>
</size>
<segmented>0</segmented>
<object>
<name>chick</name>
<pose>Unspecified</pose>
<truncated>0</truncated>
<difficult>0</difficult>
<bndbox>
<xmin>261</xmin>
<ymin>379</ymin>
<xmax>489</xmax>
<ymax>669</ymax>
</bndbox>
</object>
</annotation>
