<?xml version="1.0" encoding="utf-8"?>
<annotation>
<folder>images</folder>
<filename>cd8ac33f-ucexportviewid1vxNEgMaCd2CA8fi57_BCU-j8qC8a4_M2</filename>
<source>
<database>MyDatabase</database>
<annotation>COCO2017</annotation>
<image>flickr</image>
<flickrid>NULL</flickrid>
<annotator>1</annotator>
</source>
<owner>
<flickrid>NULL</flickrid>
<name>Label Studio</name>
</owner>
<size>
<width>896</width>
<height>896</height>
<depth>3</depth>
</size>
<segmented>0</segmented>
<object>
<name>chick</name>
<pose>Unspecified</pose>
<truncated>0</truncated>
<difficult>0</difficult>
<bndbox>
<xmin>373</xmin>
<ymin>327</ymin>
<xmax>575</xmax>
<ymax>791</ymax>
</bndbox>
</object>
</annotation>
