<?xml version="1.0" encoding="utf-8"?>
<annotation>
<folder>images</folder>
<filename>d26763dd-ucexportviewid1wm-kxOPOtaxT3fLLnYZbA_pO5QY6tWJX</filename>
<source>
<database>MyDatabase</database>
<annotation>COCO2017</annotation>
<image>flickr</image>
<flickrid>NULL</flickrid>
<annotator>1</annotator>
</source>
<owner>
<flickrid>NULL</flickrid>
<name>Label Studio</name>
</owner>
<size>
<width>896</width>
<height>896</height>
<depth>3</depth>
</size>
<segmented>0</segmented>
<object>
<name>duck</name>
<pose>Unspecified</pose>
<truncated>0</truncated>
<difficult>0</difficult>
<bndbox>
<xmin>178</xmin>
<ymin>217</ymin>
<xmax>678</xmax>
<ymax>790</ymax>
</bndbox>
</object>
</annotation>
