<?xml version="1.0" encoding="utf-8"?>
<annotation>
<folder>images</folder>
<filename>d5768182-ucexportviewid1wkzPYnad8V3pUxtcszWoEhaaHG-qaAHW</filename>
<source>
<database>MyDatabase</database>
<annotation>COCO2017</annotation>
<image>flickr</image>
<flickrid>NULL</flickrid>
<annotator>1</annotator>
</source>
<owner>
<flickrid>NULL</flickrid>
<name>Label Studio</name>
</owner>
<size>
<width>896</width>
<height>896</height>
<depth>3</depth>
</size>
<segmented>0</segmented>
<object>
<name>chick</name>
<pose>Unspecified</pose>
<truncated>0</truncated>
<difficult>0</difficult>
<bndbox>
<xmin>210</xmin>
<ymin>363</ymin>
<xmax>307</xmax>
<ymax>535</ymax>
</bndbox>
</object>
<object>
<name>cock</name>
<pose>Unspecified</pose>
<truncated>0</truncated>
<difficult>0</difficult>
<bndbox>
<xmin>419</xmin>
<ymin>533</ymin>
<xmax>527</xmax>
<ymax>740</ymax>
</bndbox>
</object>
<object>
<name>duck</name>
<pose>Unspecified</pose>
<truncated>0</truncated>
<difficult>0</difficult>
<bndbox>
<xmin>385</xmin>
<ymin>161</ymin>
<xmax>539</xmax>
<ymax>378</ymax>
</bndbox>
</object>
</annotation>
