<?xml version="1.0" encoding="utf-8"?>
<annotation>
<folder>images</folder>
<filename>d6575c94-ucexportviewid1-UUgi503o9mV6XA_UfTgIuH6DKCWm5sR</filename>
<source>
<database>MyDatabase</database>
<annotation>COCO2017</annotation>
<image>flickr</image>
<flickrid>NULL</flickrid>
<annotator>1</annotator>
</source>
<owner>
<flickrid>NULL</flickrid>
<name>Label Studio</name>
</owner>
<size>
<width>896</width>
<height>896</height>
<depth>3</depth>
</size>
<segmented>0</segmented>
<object>
<name>cock</name>
<pose>Unspecified</pose>
<truncated>0</truncated>
<difficult>0</difficult>
<bndbox>
<xmin>269</xmin>
<ymin>276</ymin>
<xmax>519</xmax>
<ymax>750</ymax>
</bndbox>
</object>
</annotation>
