<?xml version="1.0" encoding="utf-8"?>
<annotation>
<folder>images</folder>
<filename>d76c8426-ucexportviewid1y1AtbYR6zTgF9SdrO5On0zRTXWB_QzFW</filename>
<source>
<database>MyDatabase</database>
<annotation>COCO2017</annotation>
<image>flickr</image>
<flickrid>NULL</flickrid>
<annotator>1</annotator>
</source>
<owner>
<flickrid>NULL</flickrid>
<name>Label Studio</name>
</owner>
<size>
<width>896</width>
<height>896</height>
<depth>3</depth>
</size>
<segmented>0</segmented>
<object>
<name>chick</name>
<pose>Unspecified</pose>
<truncated>0</truncated>
<difficult>0</difficult>
<bndbox>
<xmin>203</xmin>
<ymin>567</ymin>
<xmax>326</xmax>
<ymax>710</ymax>
</bndbox>
</object>
<object>
<name>cock</name>
<pose>Unspecified</pose>
<truncated>0</truncated>
<difficult>0</difficult>
<bndbox>
<xmin>415</xmin>
<ymin>473</ymin>
<xmax>524</xmax>
<ymax>688</ymax>
</bndbox>
</object>
<object>
<name>duck</name>
<pose>Unspecified</pose>
<truncated>0</truncated>
<difficult>0</difficult>
<bndbox>
<xmin>493</xmin>
<ymin>201</ymin>
<xmax>656</xmax>
<ymax>408</ymax>
</bndbox>
</object>
</annotation>
