<?xml version="1.0" encoding="utf-8"?>
<annotation>
<folder>images</folder>
<filename>d93c938d-ucexportviewid1RwGX8ii2JM_yqy9her-93iUGhI87R8g5</filename>
<source>
<database>MyDatabase</database>
<annotation>COCO2017</annotation>
<image>flickr</image>
<flickrid>NULL</flickrid>
<annotator>1</annotator>
</source>
<owner>
<flickrid>NULL</flickrid>
<name>Label Studio</name>
</owner>
<size>
<width>896</width>
<height>896</height>
<depth>3</depth>
</size>
<segmented>0</segmented>
<object>
<name>duck</name>
<pose>Unspecified</pose>
<truncated>0</truncated>
<difficult>0</difficult>
<bndbox>
<xmin>367</xmin>
<ymin>200</ymin>
<xmax>648</xmax>
<ymax>673</ymax>
</bndbox>
</object>
</annotation>
