<?xml version="1.0" encoding="utf-8"?>
<annotation>
<folder>images</folder>
<filename>dba8d3ca-ucexportviewid1LV_A7I0qsvnRCM7ztqBIZB0t1EOAjARq</filename>
<source>
<database>MyDatabase</database>
<annotation>COCO2017</annotation>
<image>flickr</image>
<flickrid>NULL</flickrid>
<annotator>1</annotator>
</source>
<owner>
<flickrid>NULL</flickrid>
<name>Label Studio</name>
</owner>
<size>
<width>896</width>
<height>896</height>
<depth>3</depth>
</size>
<segmented>0</segmented>
<object>
<name>duck</name>
<pose>Unspecified</pose>
<truncated>0</truncated>
<difficult>0</difficult>
<bndbox>
<xmin>429</xmin>
<ymin>253</ymin>
<xmax>565</xmax>
<ymax>454</ymax>
</bndbox>
</object>
</annotation>
