<?xml version="1.0" encoding="utf-8"?>
<annotation>
<folder>images</folder>
<filename>de4dc603-ucexportviewid1ecRr_CfqBE1EXMAcm2O29DwX7iQuvB1L</filename>
<source>
<database>MyDatabase</database>
<annotation>COCO2017</annotation>
<image>flickr</image>
<flickrid>NULL</flickrid>
<annotator>1</annotator>
</source>
<owner>
<flickrid>NULL</flickrid>
<name>Label Studio</name>
</owner>
<size>
<width>896</width>
<height>896</height>
<depth>3</depth>
</size>
<segmented>0</segmented>
<object>
<name>duck</name>
<pose>Unspecified</pose>
<truncated>0</truncated>
<difficult>0</difficult>
<bndbox>
<xmin>379</xmin>
<ymin>366</ymin>
<xmax>583</xmax>
<ymax>665</ymax>
</bndbox>
</object>
</annotation>
