<?xml version="1.0" encoding="utf-8"?>
<annotation>
<folder>images</folder>
<filename>e54f4552-ucexportviewid10jvtbYd3U2wWEVI0VrORAJH6tBh1S-Bw</filename>
<source>
<database>MyDatabase</database>
<annotation>COCO2017</annotation>
<image>flickr</image>
<flickrid>NULL</flickrid>
<annotator>1</annotator>
</source>
<owner>
<flickrid>NULL</flickrid>
<name>Label Studio</name>
</owner>
<size>
<width>896</width>
<height>896</height>
<depth>3</depth>
</size>
<segmented>0</segmented>
<object>
<name>chick</name>
<pose>Unspecified</pose>
<truncated>0</truncated>
<difficult>0</difficult>
<bndbox>
<xmin>277</xmin>
<ymin>318</ymin>
<xmax>471</xmax>
<ymax>611</ymax>
</bndbox>
</object>
</annotation>
