<?xml version="1.0" encoding="utf-8"?>
<annotation>
<folder>images</folder>
<filename>e932c025-ucexportviewid1wPQljAP8zXXcNv9asWTFBM16uyGlmi1N</filename>
<source>
<database>MyDatabase</database>
<annotation>COCO2017</annotation>
<image>flickr</image>
<flickrid>NULL</flickrid>
<annotator>1</annotator>
</source>
<owner>
<flickrid>NULL</flickrid>
<name>Label Studio</name>
</owner>
<size>
<width>896</width>
<height>896</height>
<depth>3</depth>
</size>
<segmented>0</segmented>
<object>
<name>duck</name>
<pose>Unspecified</pose>
<truncated>0</truncated>
<difficult>0</difficult>
<bndbox>
<xmin>269</xmin>
<ymin>216</ymin>
<xmax>513</xmax>
<ymax>458</ymax>
</bndbox>
</object>
</annotation>
