<?xml version="1.0" encoding="utf-8"?>
<annotation>
<folder>images</folder>
<filename>ee14e0ca-ucexportviewid1m5jSyHHEJiep9klUUqkSEXZkr1wlYLa2</filename>
<source>
<database>MyDatabase</database>
<annotation>COCO2017</annotation>
<image>flickr</image>
<flickrid>NULL</flickrid>
<annotator>1</annotator>
</source>
<owner>
<flickrid>NULL</flickrid>
<name>Label Studio</name>
</owner>
<size>
<width>896</width>
<height>896</height>
<depth>3</depth>
</size>
<segmented>0</segmented>
<object>
<name>cock</name>
<pose>Unspecified</pose>
<truncated>0</truncated>
<difficult>0</difficult>
<bndbox>
<xmin>316</xmin>
<ymin>288</ymin>
<xmax>609</xmax>
<ymax>636</ymax>
</bndbox>
</object>
</annotation>
