<?xml version="1.0" encoding="utf-8"?>
<annotation>
<folder>images</folder>
<filename>efa32032-ucexportviewid1fMAMqRQ6AC1Oz1Q-udZ_pPfUREWzQRXV</filename>
<source>
<database>MyDatabase</database>
<annotation>COCO2017</annotation>
<image>flickr</image>
<flickrid>NULL</flickrid>
<annotator>1</annotator>
</source>
<owner>
<flickrid>NULL</flickrid>
<name>Label Studio</name>
</owner>
<size>
<width>896</width>
<height>896</height>
<depth>3</depth>
</size>
<segmented>0</segmented>
<object>
<name>cock</name>
<pose>Unspecified</pose>
<truncated>0</truncated>
<difficult>0</difficult>
<bndbox>
<xmin>240</xmin>
<ymin>430</ymin>
<xmax>382</xmax>
<ymax>638</ymax>
</bndbox>
</object>
<object>
<name>duck</name>
<pose>Unspecified</pose>
<truncated>0</truncated>
<difficult>0</difficult>
<bndbox>
<xmin>405</xmin>
<ymin>565</ymin>
<xmax>486</xmax>
<ymax>713</ymax>
</bndbox>
</object>
<object>
<name>chick</name>
<pose>Unspecified</pose>
<truncated>0</truncated>
<difficult>0</difficult>
<bndbox>
<xmin>664</xmin>
<ymin>281</ymin>
<xmax>777</xmax>
<ymax>537</ymax>
</bndbox>
</object>
</annotation>
