<?xml version="1.0" encoding="utf-8"?>
<annotation>
<folder>images</folder>
<filename>f607ce81-ucexportviewid14SROxngoqzhC7V85dt-EYCGrwNfLIQK3</filename>
<source>
<database>MyDatabase</database>
<annotation>COCO2017</annotation>
<image>flickr</image>
<flickrid>NULL</flickrid>
<annotator>1</annotator>
</source>
<owner>
<flickrid>NULL</flickrid>
<name>Label Studio</name>
</owner>
<size>
<width>896</width>
<height>896</height>
<depth>3</depth>
</size>
<segmented>0</segmented>
<object>
<name>chick</name>
<pose>Unspecified</pose>
<truncated>0</truncated>
<difficult>0</difficult>
<bndbox>
<xmin>382</xmin>
<ymin>133</ymin>
<xmax>535</xmax>
<ymax>371</ymax>
</bndbox>
</object>
<object>
<name>duck</name>
<pose>Unspecified</pose>
<truncated>0</truncated>
<difficult>0</difficult>
<bndbox>
<xmin>379</xmin>
<ymin>424</ymin>
<xmax>509</xmax>
<ymax>635</ymax>
</bndbox>
</object>
<object>
<name>cock</name>
<pose>Unspecified</pose>
<truncated>0</truncated>
<difficult>0</difficult>
<bndbox>
<xmin>349</xmin>
<ymin>659</ymin>
<xmax>494</xmax>
<ymax>874</ymax>
</bndbox>
</object>
</annotation>
