<?xml version="1.0" encoding="utf-8"?>
<annotation>
<folder>images</folder>
<filename>f72a12f9-ucexportviewid1jfNz18KzOY82g0d6ZkfG354O3vcRgkU1</filename>
<source>
<database>MyDatabase</database>
<annotation>COCO2017</annotation>
<image>flickr</image>
<flickrid>NULL</flickrid>
<annotator>1</annotator>
</source>
<owner>
<flickrid>NULL</flickrid>
<name>Label Studio</name>
</owner>
<size>
<width>896</width>
<height>896</height>
<depth>3</depth>
</size>
<segmented>0</segmented>
<object>
<name>duck</name>
<pose>Unspecified</pose>
<truncated>0</truncated>
<difficult>0</difficult>
<bndbox>
<xmin>252</xmin>
<ymin>426</ymin>
<xmax>473</xmax>
<ymax>724</ymax>
</bndbox>
</object>
</annotation>
