<?xml version="1.0" encoding="utf-8"?>
<annotation>
<folder>images</folder>
<filename>01f1d655-ucexportviewid1GQXQ-Tw557nYaaGK1F0VQl_Yo2frR4kL</filename>
<source>
<database>MyDatabase</database>
<annotation>COCO2017</annotation>
<image>flickr</image>
<flickrid>NULL</flickrid>
<annotator>1</annotator>
</source>
<owner>
<flickrid>NULL</flickrid>
<name>Label Studio</name>
</owner>
<size>
<width>768</width>
<height>768</height>
<depth>3</depth>
</size>
<segmented>0</segmented>
<object>
<name>green_frog</name>
<pose>Unspecified</pose>
<truncated>0</truncated>
<difficult>0</difficult>
<bndbox>
<xmin>216</xmin>
<ymin>132</ymin>
<xmax>414</xmax>
<ymax>488</ymax>
</bndbox>
</object>
</annotation>
