<?xml version="1.0" encoding="utf-8"?>
<annotation>
<folder>images</folder>
<filename>033b3ab4-ucexportviewid1kh2_jpzqUMv9aCrWU6V3z4t2v1FmcydD</filename>
<source>
<database>MyDatabase</database>
<annotation>COCO2017</annotation>
<image>flickr</image>
<flickrid>NULL</flickrid>
<annotator>1</annotator>
</source>
<owner>
<flickrid>NULL</flickrid>
<name>Label Studio</name>
</owner>
<size>
<width>768</width>
<height>768</height>
<depth>3</depth>
</size>
<segmented>0</segmented>
<object>
<name>green_frog</name>
<pose>Unspecified</pose>
<truncated>0</truncated>
<difficult>0</difficult>
<bndbox>
<xmin>61</xmin>
<ymin>249</ymin>
<xmax>349</xmax>
<ymax>547</ymax>
</bndbox>
</object>
<object>
<name>green_duck</name>
<pose>Unspecified</pose>
<truncated>0</truncated>
<difficult>0</difficult>
<bndbox>
<xmin>544</xmin>
<ymin>264</ymin>
<xmax>697</xmax>
<ymax>400</ymax>
</bndbox>
</object>
<object>
<name>yellow_duck</name>
<pose>Unspecified</pose>
<truncated>0</truncated>
<difficult>0</difficult>
<bndbox>
<xmin>388</xmin>
<ymin>124</ymin>
<xmax>538</xmax>
<ymax>269</ymax>
</bndbox>
</object>
</annotation>
