<?xml version="1.0" encoding="utf-8"?>
<annotation>
<folder>images</folder>
<filename>03ffbd9d-ucexportviewid1u4PBrwlhZA3w2I9qsWs6c5hReU-RTiC0</filename>
<source>
<database>MyDatabase</database>
<annotation>COCO2017</annotation>
<image>flickr</image>
<flickrid>NULL</flickrid>
<annotator>1</annotator>
</source>
<owner>
<flickrid>NULL</flickrid>
<name>Label Studio</name>
</owner>
<size>
<width>768</width>
<height>768</height>
<depth>3</depth>
</size>
<segmented>0</segmented>
<object>
<name>green_duck</name>
<pose>Unspecified</pose>
<truncated>0</truncated>
<difficult>0</difficult>
<bndbox>
<xmin>146</xmin>
<ymin>352</ymin>
<xmax>302</xmax>
<ymax>603</ymax>
</bndbox>
</object>
<object>
<name>yellow_duck</name>
<pose>Unspecified</pose>
<truncated>0</truncated>
<difficult>0</difficult>
<bndbox>
<xmin>278</xmin>
<ymin>262</ymin>
<xmax>399</xmax>
<ymax>449</ymax>
</bndbox>
</object>
<object>
<name>green_frog</name>
<pose>Unspecified</pose>
<truncated>0</truncated>
<difficult>0</difficult>
<bndbox>
<xmin>475</xmin>
<ymin>299</ymin>
<xmax>611</xmax>
<ymax>514</ymax>
</bndbox>
</object>
</annotation>
