<?xml version="1.0" encoding="utf-8"?>
<annotation>
<folder>images</folder>
<filename>066e70cd-ucexportviewid1NtCU9Fsi_0-oqgui3s2uQXHGryIFcGip</filename>
<source>
<database>MyDatabase</database>
<annotation>COCO2017</annotation>
<image>flickr</image>
<flickrid>NULL</flickrid>
<annotator>1</annotator>
</source>
<owner>
<flickrid>NULL</flickrid>
<name>Label Studio</name>
</owner>
<size>
<width>768</width>
<height>768</height>
<depth>3</depth>
</size>
<segmented>0</segmented>
<object>
<name>yellow_duck</name>
<pose>Unspecified</pose>
<truncated>0</truncated>
<difficult>0</difficult>
<bndbox>
<xmin>197</xmin>
<ymin>199</ymin>
<xmax>379</xmax>
<ymax>522</ymax>
</bndbox>
</object>
</annotation>
