<?xml version="1.0" encoding="utf-8"?>
<annotation>
<folder>images</folder>
<filename>08d75196-ucexportviewid17NMSNoMqJVcKmEoCSn9eHnlBkuXMhwXa</filename>
<source>
<database>MyDatabase</database>
<annotation>COCO2017</annotation>
<image>flickr</image>
<flickrid>NULL</flickrid>
<annotator>1</annotator>
</source>
<owner>
<flickrid>NULL</flickrid>
<name>Label Studio</name>
</owner>
<size>
<width>768</width>
<height>768</height>
<depth>3</depth>
</size>
<segmented>0</segmented>
<object>
<name>yellow_duck</name>
<pose>Unspecified</pose>
<truncated>0</truncated>
<difficult>0</difficult>
<bndbox>
<xmin>302</xmin>
<ymin>219</ymin>
<xmax>427</xmax>
<ymax>446</ymax>
</bndbox>
</object>
</annotation>
