<?xml version="1.0" encoding="utf-8"?>
<annotation>
<folder>images</folder>
<filename>093115e3-ucexportviewid1LU1wtGJ_KcsYF9GQtKzwqjjvCl4JL49r</filename>
<source>
<database>MyDatabase</database>
<annotation>COCO2017</annotation>
<image>flickr</image>
<flickrid>NULL</flickrid>
<annotator>1</annotator>
</source>
<owner>
<flickrid>NULL</flickrid>
<name>Label Studio</name>
</owner>
<size>
<width>768</width>
<height>768</height>
<depth>3</depth>
</size>
<segmented>0</segmented>
<object>
<name>yellow_duck</name>
<pose>Unspecified</pose>
<truncated>0</truncated>
<difficult>0</difficult>
<bndbox>
<xmin>396</xmin>
<ymin>410</ymin>
<xmax>628</xmax>
<ymax>722</ymax>
</bndbox>
</object>
<object>
<name>green_duck</name>
<pose>Unspecified</pose>
<truncated>0</truncated>
<difficult>0</difficult>
<bndbox>
<xmin>617</xmin>
<ymin>212</ymin>
<xmax>753</xmax>
<ymax>404</ymax>
</bndbox>
</object>
<object>
<name>green_frog</name>
<pose>Unspecified</pose>
<truncated>0</truncated>
<difficult>0</difficult>
<bndbox>
<xmin>194</xmin>
<ymin>110</ymin>
<xmax>364</xmax>
<ymax>310</ymax>
</bndbox>
</object>
</annotation>
