<?xml version="1.0" encoding="utf-8"?>
<annotation>
<folder>images</folder>
<filename>0bdd9ce0-ucexportviewid1A2Y68gQ8zplyaccAtgCHbTqE9esONW7r</filename>
<source>
<database>MyDatabase</database>
<annotation>COCO2017</annotation>
<image>flickr</image>
<flickrid>NULL</flickrid>
<annotator>1</annotator>
</source>
<owner>
<flickrid>NULL</flickrid>
<name>Label Studio</name>
</owner>
<size>
<width>768</width>
<height>768</height>
<depth>3</depth>
</size>
<segmented>0</segmented>
<object>
<name>green_frog</name>
<pose>Unspecified</pose>
<truncated>0</truncated>
<difficult>0</difficult>
<bndbox>
<xmin>459</xmin>
<ymin>119</ymin>
<xmax>562</xmax>
<ymax>327</ymax>
</bndbox>
</object>
<object>
<name>green_duck</name>
<pose>Unspecified</pose>
<truncated>0</truncated>
<difficult>0</difficult>
<bndbox>
<xmin>222</xmin>
<ymin>400</ymin>
<xmax>348</xmax>
<ymax>619</ymax>
</bndbox>
</object>
<object>
<name>yellow_duck</name>
<pose>Unspecified</pose>
<truncated>0</truncated>
<difficult>0</difficult>
<bndbox>
<xmin>158</xmin>
<ymin>90</ymin>
<xmax>266</xmax>
<ymax>276</ymax>
</bndbox>
</object>
</annotation>
