<?xml version="1.0" encoding="utf-8"?>
<annotation>
<folder>images</folder>
<filename>0dec77b3-ucexportviewid1cHQyGhplzf7eyMGLca6eMYtDWtMMpd4o</filename>
<source>
<database>MyDatabase</database>
<annotation>COCO2017</annotation>
<image>flickr</image>
<flickrid>NULL</flickrid>
<annotator>1</annotator>
</source>
<owner>
<flickrid>NULL</flickrid>
<name>Label Studio</name>
</owner>
<size>
<width>768</width>
<height>768</height>
<depth>3</depth>
</size>
<segmented>0</segmented>
<object>
<name>green_frog</name>
<pose>Unspecified</pose>
<truncated>0</truncated>
<difficult>0</difficult>
<bndbox>
<xmin>209</xmin>
<ymin>321</ymin>
<xmax>393</xmax>
<ymax>592</ymax>
</bndbox>
</object>
<object>
<name>green_duck</name>
<pose>Unspecified</pose>
<truncated>0</truncated>
<difficult>0</difficult>
<bndbox>
<xmin>439</xmin>
<ymin>238</ymin>
<xmax>581</xmax>
<ymax>447</ymax>
</bndbox>
</object>
<object>
<name>yellow_duck</name>
<pose>Unspecified</pose>
<truncated>0</truncated>
<difficult>0</difficult>
<bndbox>
<xmin>249</xmin>
<ymin>152</ymin>
<xmax>377</xmax>
<ymax>334</ymax>
</bndbox>
</object>
</annotation>
