<?xml version="1.0" encoding="utf-8"?>
<annotation>
<folder>images</folder>
<filename>0e9388d3-ucexportviewid1vnR2GDXLbfFOEyVWOXOWTvJCKVuGGahP</filename>
<source>
<database>MyDatabase</database>
<annotation>COCO2017</annotation>
<image>flickr</image>
<flickrid>NULL</flickrid>
<annotator>1</annotator>
</source>
<owner>
<flickrid>NULL</flickrid>
<name>Label Studio</name>
</owner>
<size>
<width>768</width>
<height>768</height>
<depth>3</depth>
</size>
<segmented>0</segmented>
<object>
<name>green_duck</name>
<pose>Unspecified</pose>
<truncated>0</truncated>
<difficult>0</difficult>
<bndbox>
<xmin>157</xmin>
<ymin>161</ymin>
<xmax>389</xmax>
<ymax>480</ymax>
</bndbox>
</object>
</annotation>
