<?xml version="1.0" encoding="utf-8"?>
<annotation>
<folder>images</folder>
<filename>0ff205a7-ucexportviewid14YEkqkSY-5cshg27GW4fcMeGk3y3_KMM</filename>
<source>
<database>MyDatabase</database>
<annotation>COCO2017</annotation>
<image>flickr</image>
<flickrid>NULL</flickrid>
<annotator>1</annotator>
</source>
<owner>
<flickrid>NULL</flickrid>
<name>Label Studio</name>
</owner>
<size>
<width>768</width>
<height>768</height>
<depth>3</depth>
</size>
<segmented>0</segmented>
<object>
<name>yellow_duck</name>
<pose>Unspecified</pose>
<truncated>0</truncated>
<difficult>0</difficult>
<bndbox>
<xmin>511</xmin>
<ymin>429</ymin>
<xmax>632</xmax>
<ymax>624</ymax>
</bndbox>
</object>
<object>
<name>green_frog</name>
<pose>Unspecified</pose>
<truncated>0</truncated>
<difficult>0</difficult>
<bndbox>
<xmin>199</xmin>
<ymin>457</ymin>
<xmax>311</xmax>
<ymax>656</ymax>
</bndbox>
</object>
<object>
<name>green_duck</name>
<pose>Unspecified</pose>
<truncated>0</truncated>
<difficult>0</difficult>
<bndbox>
<xmin>367</xmin>
<ymin>162</ymin>
<xmax>510</xmax>
<ymax>414</ymax>
</bndbox>
</object>
</annotation>
