<?xml version="1.0" encoding="utf-8"?>
<annotation>
<folder>images</folder>
<filename>1747c55b-ucexportviewid1inOkVp4_XJFRbofHbrwsSLi0OHTQJN8L</filename>
<source>
<database>MyDatabase</database>
<annotation>COCO2017</annotation>
<image>flickr</image>
<flickrid>NULL</flickrid>
<annotator>1</annotator>
</source>
<owner>
<flickrid>NULL</flickrid>
<name>Label Studio</name>
</owner>
<size>
<width>768</width>
<height>768</height>
<depth>3</depth>
</size>
<segmented>0</segmented>
<object>
<name>green_frog</name>
<pose>Unspecified</pose>
<truncated>0</truncated>
<difficult>0</difficult>
<bndbox>
<xmin>304</xmin>
<ymin>68</ymin>
<xmax>383</xmax>
<ymax>233</ymax>
</bndbox>
</object>
<object>
<name>yellow_duck</name>
<pose>Unspecified</pose>
<truncated>0</truncated>
<difficult>0</difficult>
<bndbox>
<xmin>419</xmin>
<ymin>276</ymin>
<xmax>507</xmax>
<ymax>420</ymax>
</bndbox>
</object>
<object>
<name>green_duck</name>
<pose>Unspecified</pose>
<truncated>0</truncated>
<difficult>0</difficult>
<bndbox>
<xmin>337</xmin>
<ymin>545</ymin>
<xmax>403</xmax>
<ymax>673</ymax>
</bndbox>
</object>
</annotation>
