<?xml version="1.0" encoding="utf-8"?>
<annotation>
<folder>images</folder>
<filename>181ea1e3-ucexportviewid1OYfXPrzqzd0eiNP1xDrd_5plDFu7WdYS</filename>
<source>
<database>MyDatabase</database>
<annotation>COCO2017</annotation>
<image>flickr</image>
<flickrid>NULL</flickrid>
<annotator>1</annotator>
</source>
<owner>
<flickrid>NULL</flickrid>
<name>Label Studio</name>
</owner>
<size>
<width>768</width>
<height>768</height>
<depth>3</depth>
</size>
<segmented>0</segmented>
<object>
<name>green_frog</name>
<pose>Unspecified</pose>
<truncated>0</truncated>
<difficult>0</difficult>
<bndbox>
<xmin>220</xmin>
<ymin>132</ymin>
<xmax>346</xmax>
<ymax>332</ymax>
</bndbox>
</object>
<object>
<name>green_duck</name>
<pose>Unspecified</pose>
<truncated>0</truncated>
<difficult>0</difficult>
<bndbox>
<xmin>331</xmin>
<ymin>215</ymin>
<xmax>454</xmax>
<ymax>430</ymax>
</bndbox>
</object>
<object>
<name>yellow_duck</name>
<pose>Unspecified</pose>
<truncated>0</truncated>
<difficult>0</difficult>
<bndbox>
<xmin>430</xmin>
<ymin>136</ymin>
<xmax>544</xmax>
<ymax>311</ymax>
</bndbox>
</object>
</annotation>
