<?xml version="1.0" encoding="utf-8"?>
<annotation>
<folder>images</folder>
<filename>1a9b8f47-ucexportviewid1ikYG-h4dj3enGszjJQzs2zjicmGK035G</filename>
<source>
<database>MyDatabase</database>
<annotation>COCO2017</annotation>
<image>flickr</image>
<flickrid>NULL</flickrid>
<annotator>1</annotator>
</source>
<owner>
<flickrid>NULL</flickrid>
<name>Label Studio</name>
</owner>
<size>
<width>768</width>
<height>768</height>
<depth>3</depth>
</size>
<segmented>0</segmented>
<object>
<name>yellow_duck</name>
<pose>Unspecified</pose>
<truncated>0</truncated>
<difficult>0</difficult>
<bndbox>
<xmin>412</xmin>
<ymin>265</ymin>
<xmax>501</xmax>
<ymax>408</ymax>
</bndbox>
</object>
<object>
<name>green_frog</name>
<pose>Unspecified</pose>
<truncated>0</truncated>
<difficult>0</difficult>
<bndbox>
<xmin>189</xmin>
<ymin>302</ymin>
<xmax>289</xmax>
<ymax>450</ymax>
</bndbox>
</object>
<object>
<name>green_duck</name>
<pose>Unspecified</pose>
<truncated>0</truncated>
<difficult>0</difficult>
<bndbox>
<xmin>331</xmin>
<ymin>444</ymin>
<xmax>387</xmax>
<ymax>555</ymax>
</bndbox>
</object>
</annotation>
