<?xml version="1.0" encoding="utf-8"?>
<annotation>
<folder>images</folder>
<filename>20c34354-ucexportviewid1M2UCJAmBp9Os61T15wgaj2ENl49has0P</filename>
<source>
<database>MyDatabase</database>
<annotation>COCO2017</annotation>
<image>flickr</image>
<flickrid>NULL</flickrid>
<annotator>1</annotator>
</source>
<owner>
<flickrid>NULL</flickrid>
<name>Label Studio</name>
</owner>
<size>
<width>768</width>
<height>768</height>
<depth>3</depth>
</size>
<segmented>0</segmented>
<object>
<name>green_frog</name>
<pose>Unspecified</pose>
<truncated>0</truncated>
<difficult>0</difficult>
<bndbox>
<xmin>305</xmin>
<ymin>242</ymin>
<xmax>532</xmax>
<ymax>556</ymax>
</bndbox>
</object>
</annotation>
