<?xml version="1.0" encoding="utf-8"?>
<annotation>
<folder>images</folder>
<filename>223bfc87-ucexportviewid1lFxl9R__BPUf_TNip9Xn0Wd8WVENihTJ</filename>
<source>
<database>MyDatabase</database>
<annotation>COCO2017</annotation>
<image>flickr</image>
<flickrid>NULL</flickrid>
<annotator>1</annotator>
</source>
<owner>
<flickrid>NULL</flickrid>
<name>Label Studio</name>
</owner>
<size>
<width>768</width>
<height>768</height>
<depth>3</depth>
</size>
<segmented>0</segmented>
<object>
<name>green_frog</name>
<pose>Unspecified</pose>
<truncated>0</truncated>
<difficult>0</difficult>
<bndbox>
<xmin>255</xmin>
<ymin>181</ymin>
<xmax>411</xmax>
<ymax>552</ymax>
</bndbox>
</object>
</annotation>
