<?xml version="1.0" encoding="utf-8"?>
<annotation>
<folder>images</folder>
<filename>2633f4b0-ucexportviewid1SYCVp8r5s1GmGn8NwZYk8szgZbMCBf6Y</filename>
<source>
<database>MyDatabase</database>
<annotation>COCO2017</annotation>
<image>flickr</image>
<flickrid>NULL</flickrid>
<annotator>1</annotator>
</source>
<owner>
<flickrid>NULL</flickrid>
<name>Label Studio</name>
</owner>
<size>
<width>768</width>
<height>768</height>
<depth>3</depth>
</size>
<segmented>0</segmented>
<object>
<name>green_frog</name>
<pose>Unspecified</pose>
<truncated>0</truncated>
<difficult>0</difficult>
<bndbox>
<xmin>288</xmin>
<ymin>278</ymin>
<xmax>454</xmax>
<ymax>544</ymax>
</bndbox>
</object>
</annotation>
