<?xml version="1.0" encoding="utf-8"?>
<annotation>
<folder>images</folder>
<filename>28d1b3d1-ucexportviewid1LgtkLFCc-_uhITk6TbJXn_xbtN6FQ8BG</filename>
<source>
<database>MyDatabase</database>
<annotation>COCO2017</annotation>
<image>flickr</image>
<flickrid>NULL</flickrid>
<annotator>1</annotator>
</source>
<owner>
<flickrid>NULL</flickrid>
<name>Label Studio</name>
</owner>
<size>
<width>768</width>
<height>768</height>
<depth>3</depth>
</size>
<segmented>0</segmented>
<object>
<name>green_frog</name>
<pose>Unspecified</pose>
<truncated>0</truncated>
<difficult>0</difficult>
<bndbox>
<xmin>239</xmin>
<ymin>414</ymin>
<xmax>330</xmax>
<ymax>565</ymax>
</bndbox>
</object>
<object>
<name>green_duck</name>
<pose>Unspecified</pose>
<truncated>0</truncated>
<difficult>0</difficult>
<bndbox>
<xmin>441</xmin>
<ymin>289</ymin>
<xmax>494</xmax>
<ymax>386</ymax>
</bndbox>
</object>
<object>
<name>yellow_duck</name>
<pose>Unspecified</pose>
<truncated>0</truncated>
<difficult>0</difficult>
<bndbox>
<xmin>283</xmin>
<ymin>225</ymin>
<xmax>350</xmax>
<ymax>329</ymax>
</bndbox>
</object>
</annotation>
