<?xml version="1.0" encoding="utf-8"?>
<annotation>
<folder>images</folder>
<filename>2b0bdade-ucexportviewid1pFu5YXKgyfCdmV_fPCxAiZdO1CwKJb3X</filename>
<source>
<database>MyDatabase</database>
<annotation>COCO2017</annotation>
<image>flickr</image>
<flickrid>NULL</flickrid>
<annotator>1</annotator>
</source>
<owner>
<flickrid>NULL</flickrid>
<name>Label Studio</name>
</owner>
<size>
<width>768</width>
<height>768</height>
<depth>3</depth>
</size>
<segmented>0</segmented>
<object>
<name>green_duck</name>
<pose>Unspecified</pose>
<truncated>0</truncated>
<difficult>0</difficult>
<bndbox>
<xmin>336</xmin>
<ymin>477</ymin>
<xmax>478</xmax>
<ymax>652</ymax>
</bndbox>
</object>
<object>
<name>yellow_duck</name>
<pose>Unspecified</pose>
<truncated>0</truncated>
<difficult>0</difficult>
<bndbox>
<xmin>510</xmin>
<ymin>307</ymin>
<xmax>684</xmax>
<ymax>491</ymax>
</bndbox>
</object>
<object>
<name>green_frog</name>
<pose>Unspecified</pose>
<truncated>0</truncated>
<difficult>0</difficult>
<bndbox>
<xmin>281</xmin>
<ymin>157</ymin>
<xmax>512</xmax>
<ymax>405</ymax>
</bndbox>
</object>
</annotation>
