<?xml version="1.0" encoding="utf-8"?>
<annotation>
<folder>images</folder>
<filename>2d4f02b1-ucexportviewid1R7U2C0IKsFQdBXKESgX8vIqmIqhU2_Ka</filename>
<source>
<database>MyDatabase</database>
<annotation>COCO2017</annotation>
<image>flickr</image>
<flickrid>NULL</flickrid>
<annotator>1</annotator>
</source>
<owner>
<flickrid>NULL</flickrid>
<name>Label Studio</name>
</owner>
<size>
<width>768</width>
<height>768</height>
<depth>3</depth>
</size>
<segmented>0</segmented>
<object>
<name>green_duck</name>
<pose>Unspecified</pose>
<truncated>0</truncated>
<difficult>0</difficult>
<bndbox>
<xmin>210</xmin>
<ymin>373</ymin>
<xmax>333</xmax>
<ymax>562</ymax>
</bndbox>
</object>
<object>
<name>green_frog</name>
<pose>Unspecified</pose>
<truncated>0</truncated>
<difficult>0</difficult>
<bndbox>
<xmin>337</xmin>
<ymin>180</ymin>
<xmax>463</xmax>
<ymax>318</ymax>
</bndbox>
</object>
<object>
<name>yellow_duck</name>
<pose>Unspecified</pose>
<truncated>0</truncated>
<difficult>0</difficult>
<bndbox>
<xmin>274</xmin>
<ymin>34</ymin>
<xmax>380</xmax>
<ymax>169</ymax>
</bndbox>
</object>
</annotation>
