<?xml version="1.0" encoding="utf-8"?>
<annotation>
<folder>images</folder>
<filename>322cf670-ucexportviewid16toFXVrb3dR-g9z55co6oT7mEr1k8ALs</filename>
<source>
<database>MyDatabase</database>
<annotation>COCO2017</annotation>
<image>flickr</image>
<flickrid>NULL</flickrid>
<annotator>1</annotator>
</source>
<owner>
<flickrid>NULL</flickrid>
<name>Label Studio</name>
</owner>
<size>
<width>768</width>
<height>768</height>
<depth>3</depth>
</size>
<segmented>0</segmented>
<object>
<name>yellow_duck</name>
<pose>Unspecified</pose>
<truncated>0</truncated>
<difficult>0</difficult>
<bndbox>
<xmin>163</xmin>
<ymin>248</ymin>
<xmax>433</xmax>
<ymax>557</ymax>
</bndbox>
</object>
</annotation>
