<?xml version="1.0" encoding="utf-8"?>
<annotation>
<folder>images</folder>
<filename>3d56deef-ucexportviewid1P95nUbQBtw22eKhhnpmIX9AL0qLvrlWJ</filename>
<source>
<database>MyDatabase</database>
<annotation>COCO2017</annotation>
<image>flickr</image>
<flickrid>NULL</flickrid>
<annotator>1</annotator>
</source>
<owner>
<flickrid>NULL</flickrid>
<name>Label Studio</name>
</owner>
<size>
<width>768</width>
<height>768</height>
<depth>3</depth>
</size>
<segmented>0</segmented>
<object>
<name>green_duck</name>
<pose>Unspecified</pose>
<truncated>0</truncated>
<difficult>0</difficult>
<bndbox>
<xmin>254</xmin>
<ymin>330</ymin>
<xmax>359</xmax>
<ymax>483</ymax>
</bndbox>
</object>
<object>
<name>green_duck</name>
<pose>Unspecified</pose>
<truncated>0</truncated>
<difficult>0</difficult>
<bndbox>
<xmin>522</xmin>
<ymin>186</ymin>
<xmax>636</xmax>
<ymax>331</ymax>
</bndbox>
</object>
<object>
<name>yellow_duck</name>
<pose>Unspecified</pose>
<truncated>0</truncated>
<difficult>0</difficult>
<bndbox>
<xmin>253</xmin>
<ymin>115</ymin>
<xmax>363</xmax>
<ymax>267</ymax>
</bndbox>
</object>
</annotation>
