<?xml version="1.0" encoding="utf-8"?>
<annotation>
<folder>images</folder>
<filename>3d618e96-ucexportviewid1FnQAk8Dd-nEzEG7tDjJSPhxFAb02qSZS</filename>
<source>
<database>MyDatabase</database>
<annotation>COCO2017</annotation>
<image>flickr</image>
<flickrid>NULL</flickrid>
<annotator>1</annotator>
</source>
<owner>
<flickrid>NULL</flickrid>
<name>Label Studio</name>
</owner>
<size>
<width>768</width>
<height>768</height>
<depth>3</depth>
</size>
<segmented>0</segmented>
<object>
<name>green_frog</name>
<pose>Unspecified</pose>
<truncated>0</truncated>
<difficult>0</difficult>
<bndbox>
<xmin>84</xmin>
<ymin>358</ymin>
<xmax>257</xmax>
<ymax>557</ymax>
</bndbox>
</object>
<object>
<name>green_duck</name>
<pose>Unspecified</pose>
<truncated>0</truncated>
<difficult>0</difficult>
<bndbox>
<xmin>572</xmin>
<ymin>246</ymin>
<xmax>706</xmax>
<ymax>421</ymax>
</bndbox>
</object>
<object>
<name>yellow_duck</name>
<pose>Unspecified</pose>
<truncated>0</truncated>
<difficult>0</difficult>
<bndbox>
<xmin>321</xmin>
<ymin>220</ymin>
<xmax>472</xmax>
<ymax>455</ymax>
</bndbox>
</object>
</annotation>
