<?xml version="1.0" encoding="utf-8"?>
<annotation>
<folder>images</folder>
<filename>3e0725d8-ucexportviewid1egPOdi5qxqrl1ch9_asSqNUu8OzvWQQ8</filename>
<source>
<database>MyDatabase</database>
<annotation>COCO2017</annotation>
<image>flickr</image>
<flickrid>NULL</flickrid>
<annotator>1</annotator>
</source>
<owner>
<flickrid>NULL</flickrid>
<name>Label Studio</name>
</owner>
<size>
<width>768</width>
<height>768</height>
<depth>3</depth>
</size>
<segmented>0</segmented>
<object>
<name>yellow_duck</name>
<pose>Unspecified</pose>
<truncated>0</truncated>
<difficult>0</difficult>
<bndbox>
<xmin>377</xmin>
<ymin>198</ymin>
<xmax>594</xmax>
<ymax>530</ymax>
</bndbox>
</object>
</annotation>
