<?xml version="1.0" encoding="utf-8"?>
<annotation>
<folder>images</folder>
<filename>3f7fe590-ucexportviewid1ZaMyrsU2jmFkSYDDGuvNiXX4ve-0_08M</filename>
<source>
<database>MyDatabase</database>
<annotation>COCO2017</annotation>
<image>flickr</image>
<flickrid>NULL</flickrid>
<annotator>1</annotator>
</source>
<owner>
<flickrid>NULL</flickrid>
<name>Label Studio</name>
</owner>
<size>
<width>768</width>
<height>768</height>
<depth>3</depth>
</size>
<segmented>0</segmented>
<object>
<name>green_frog</name>
<pose>Unspecified</pose>
<truncated>0</truncated>
<difficult>0</difficult>
<bndbox>
<xmin>333</xmin>
<ymin>352</ymin>
<xmax>426</xmax>
<ymax>505</ymax>
</bndbox>
</object>
<object>
<name>green_duck</name>
<pose>Unspecified</pose>
<truncated>0</truncated>
<difficult>0</difficult>
<bndbox>
<xmin>240</xmin>
<ymin>278</ymin>
<xmax>329</xmax>
<ymax>427</ymax>
</bndbox>
</object>
<object>
<name>yellow_duck</name>
<pose>Unspecified</pose>
<truncated>0</truncated>
<difficult>0</difficult>
<bndbox>
<xmin>396</xmin>
<ymin>215</ymin>
<xmax>510</xmax>
<ymax>403</ymax>
</bndbox>
</object>
</annotation>
