<?xml version="1.0" encoding="utf-8"?>
<annotation>
<folder>images</folder>
<filename>402dc26f-ucexportviewid1Ff1BGQBmFJRw-PubtTOPZP7L2FCHUgc1</filename>
<source>
<database>MyDatabase</database>
<annotation>COCO2017</annotation>
<image>flickr</image>
<flickrid>NULL</flickrid>
<annotator>1</annotator>
</source>
<owner>
<flickrid>NULL</flickrid>
<name>Label Studio</name>
</owner>
<size>
<width>768</width>
<height>768</height>
<depth>3</depth>
</size>
<segmented>0</segmented>
<object>
<name>green_duck</name>
<pose>Unspecified</pose>
<truncated>0</truncated>
<difficult>0</difficult>
<bndbox>
<xmin>179</xmin>
<ymin>267</ymin>
<xmax>310</xmax>
<ymax>477</ymax>
</bndbox>
</object>
<object>
<name>green_frog</name>
<pose>Unspecified</pose>
<truncated>0</truncated>
<difficult>0</difficult>
<bndbox>
<xmin>335</xmin>
<ymin>131</ymin>
<xmax>465</xmax>
<ymax>383</ymax>
</bndbox>
</object>
<object>
<name>yellow_duck</name>
<pose>Unspecified</pose>
<truncated>0</truncated>
<difficult>0</difficult>
<bndbox>
<xmin>498</xmin>
<ymin>285</ymin>
<xmax>662</xmax>
<ymax>543</ymax>
</bndbox>
</object>
</annotation>
