<?xml version="1.0" encoding="utf-8"?>
<annotation>
<folder>images</folder>
<filename>4069d4e6-ucexportviewid1K1CziV2q-CAMwfgovfcdimV6aGwTnNBj</filename>
<source>
<database>MyDatabase</database>
<annotation>COCO2017</annotation>
<image>flickr</image>
<flickrid>NULL</flickrid>
<annotator>1</annotator>
</source>
<owner>
<flickrid>NULL</flickrid>
<name>Label Studio</name>
</owner>
<size>
<width>768</width>
<height>768</height>
<depth>3</depth>
</size>
<segmented>0</segmented>
<object>
<name>green_frog</name>
<pose>Unspecified</pose>
<truncated>0</truncated>
<difficult>0</difficult>
<bndbox>
<xmin>237</xmin>
<ymin>422</ymin>
<xmax>377</xmax>
<ymax>651</ymax>
</bndbox>
</object>
<object>
<name>yellow_duck</name>
<pose>Unspecified</pose>
<truncated>0</truncated>
<difficult>0</difficult>
<bndbox>
<xmin>485</xmin>
<ymin>378</ymin>
<xmax>629</xmax>
<ymax>569</ymax>
</bndbox>
</object>
<object>
<name>green_duck</name>
<pose>Unspecified</pose>
<truncated>0</truncated>
<difficult>0</difficult>
<bndbox>
<xmin>477</xmin>
<ymin>163</ymin>
<xmax>569</xmax>
<ymax>327</ymax>
</bndbox>
</object>
</annotation>
