<?xml version="1.0" encoding="utf-8"?>
<annotation>
<folder>images</folder>
<filename>4626a87e-ucexportviewid16Zp6v_i9DuEf51X_vo_Q7x81aKCGfyoi</filename>
<source>
<database>MyDatabase</database>
<annotation>COCO2017</annotation>
<image>flickr</image>
<flickrid>NULL</flickrid>
<annotator>1</annotator>
</source>
<owner>
<flickrid>NULL</flickrid>
<name>Label Studio</name>
</owner>
<size>
<width>768</width>
<height>768</height>
<depth>3</depth>
</size>
<segmented>0</segmented>
<object>
<name>green_frog</name>
<pose>Unspecified</pose>
<truncated>0</truncated>
<difficult>0</difficult>
<bndbox>
<xmin>411</xmin>
<ymin>234</ymin>
<xmax>527</xmax>
<ymax>466</ymax>
</bndbox>
</object>
<object>
<name>green_duck</name>
<pose>Unspecified</pose>
<truncated>0</truncated>
<difficult>0</difficult>
<bndbox>
<xmin>242</xmin>
<ymin>256</ymin>
<xmax>341</xmax>
<ymax>440</ymax>
</bndbox>
</object>
<object>
<name>yellow_duck</name>
<pose>Unspecified</pose>
<truncated>0</truncated>
<difficult>0</difficult>
<bndbox>
<xmin>298</xmin>
<ymin>484</ymin>
<xmax>401</xmax>
<ymax>641</ymax>
</bndbox>
</object>
</annotation>
