<?xml version="1.0" encoding="utf-8"?>
<annotation>
<folder>images</folder>
<filename>471f7b3e-ucexportviewid13R_A0MraJ3vrPq4GR0_pg5ky_Db8CFfQ</filename>
<source>
<database>MyDatabase</database>
<annotation>COCO2017</annotation>
<image>flickr</image>
<flickrid>NULL</flickrid>
<annotator>1</annotator>
</source>
<owner>
<flickrid>NULL</flickrid>
<name>Label Studio</name>
</owner>
<size>
<width>768</width>
<height>768</height>
<depth>3</depth>
</size>
<segmented>0</segmented>
<object>
<name>green_frog</name>
<pose>Unspecified</pose>
<truncated>0</truncated>
<difficult>0</difficult>
<bndbox>
<xmin>192</xmin>
<ymin>190</ymin>
<xmax>396</xmax>
<ymax>453</ymax>
</bndbox>
</object>
</annotation>
