<?xml version="1.0" encoding="utf-8"?>
<annotation>
<folder>images</folder>
<filename>477f65e6-ucexportviewid15NTKVwp5qTWrO6ELGAWf33lgvOwxI2M9</filename>
<source>
<database>MyDatabase</database>
<annotation>COCO2017</annotation>
<image>flickr</image>
<flickrid>NULL</flickrid>
<annotator>1</annotator>
</source>
<owner>
<flickrid>NULL</flickrid>
<name>Label Studio</name>
</owner>
<size>
<width>768</width>
<height>768</height>
<depth>3</depth>
</size>
<segmented>0</segmented>
<object>
<name>green_duck</name>
<pose>Unspecified</pose>
<truncated>0</truncated>
<difficult>0</difficult>
<bndbox>
<xmin>361</xmin>
<ymin>286</ymin>
<xmax>489</xmax>
<ymax>526</ymax>
</bndbox>
</object>
</annotation>
