<?xml version="1.0" encoding="utf-8"?>
<annotation>
<folder>images</folder>
<filename>489a656c-ucexportviewid1S9x2TwrPlBy2iKnQIP_gAItYRUgnr2O4</filename>
<source>
<database>MyDatabase</database>
<annotation>COCO2017</annotation>
<image>flickr</image>
<flickrid>NULL</flickrid>
<annotator>1</annotator>
</source>
<owner>
<flickrid>NULL</flickrid>
<name>Label Studio</name>
</owner>
<size>
<width>768</width>
<height>768</height>
<depth>3</depth>
</size>
<segmented>0</segmented>
<object>
<name>green_frog</name>
<pose>Unspecified</pose>
<truncated>0</truncated>
<difficult>0</difficult>
<bndbox>
<xmin>168</xmin>
<ymin>90</ymin>
<xmax>545</xmax>
<ymax>732</ymax>
</bndbox>
</object>
</annotation>
