<?xml version="1.0" encoding="utf-8"?>
<annotation>
<folder>images</folder>
<filename>4f67411a-ucexportviewid1xkV7D4d_4qOgdRzzwdCGkybp8yFZr8qD</filename>
<source>
<database>MyDatabase</database>
<annotation>COCO2017</annotation>
<image>flickr</image>
<flickrid>NULL</flickrid>
<annotator>1</annotator>
</source>
<owner>
<flickrid>NULL</flickrid>
<name>Label Studio</name>
</owner>
<size>
<width>768</width>
<height>768</height>
<depth>3</depth>
</size>
<segmented>0</segmented>
<object>
<name>yellow_duck</name>
<pose>Unspecified</pose>
<truncated>0</truncated>
<difficult>0</difficult>
<bndbox>
<xmin>328</xmin>
<ymin>197</ymin>
<xmax>504</xmax>
<ymax>456</ymax>
</bndbox>
</object>
</annotation>
