<?xml version="1.0" encoding="utf-8"?>
<annotation>
<folder>images</folder>
<filename>50fe7aec-ucexportviewid1-trb9rlnWrfMHzy15VDVVCqzeKjwqRsV</filename>
<source>
<database>MyDatabase</database>
<annotation>COCO2017</annotation>
<image>flickr</image>
<flickrid>NULL</flickrid>
<annotator>1</annotator>
</source>
<owner>
<flickrid>NULL</flickrid>
<name>Label Studio</name>
</owner>
<size>
<width>768</width>
<height>768</height>
<depth>3</depth>
</size>
<segmented>0</segmented>
<object>
<name>green_duck</name>
<pose>Unspecified</pose>
<truncated>0</truncated>
<difficult>0</difficult>
<bndbox>
<xmin>127</xmin>
<ymin>461</ymin>
<xmax>236</xmax>
<ymax>571</ymax>
</bndbox>
</object>
<object>
<name>green_frog</name>
<pose>Unspecified</pose>
<truncated>0</truncated>
<difficult>0</difficult>
<bndbox>
<xmin>340</xmin>
<ymin>193</ymin>
<xmax>471</xmax>
<ymax>348</ymax>
</bndbox>
</object>
<object>
<name>yellow_duck</name>
<pose>Unspecified</pose>
<truncated>0</truncated>
<difficult>0</difficult>
<bndbox>
<xmin>549</xmin>
<ymin>175</ymin>
<xmax>679</xmax>
<ymax>321</ymax>
</bndbox>
</object>
</annotation>
