<?xml version="1.0" encoding="utf-8"?>
<annotation>
<folder>images</folder>
<filename>51964a9b-ucexportviewid1HxexjG36Ljq_lW0RVLTXAPuujQC2Kt0n</filename>
<source>
<database>MyDatabase</database>
<annotation>COCO2017</annotation>
<image>flickr</image>
<flickrid>NULL</flickrid>
<annotator>1</annotator>
</source>
<owner>
<flickrid>NULL</flickrid>
<name>Label Studio</name>
</owner>
<size>
<width>768</width>
<height>768</height>
<depth>3</depth>
</size>
<segmented>0</segmented>
<object>
<name>green_frog</name>
<pose>Unspecified</pose>
<truncated>0</truncated>
<difficult>0</difficult>
<bndbox>
<xmin>147</xmin>
<ymin>351</ymin>
<xmax>266</xmax>
<ymax>515</ymax>
</bndbox>
</object>
<object>
<name>green_duck</name>
<pose>Unspecified</pose>
<truncated>0</truncated>
<difficult>0</difficult>
<bndbox>
<xmin>393</xmin>
<ymin>583</ymin>
<xmax>463</xmax>
<ymax>722</ymax>
</bndbox>
</object>
<object>
<name>yellow_duck</name>
<pose>Unspecified</pose>
<truncated>0</truncated>
<difficult>0</difficult>
<bndbox>
<xmin>416</xmin>
<ymin>83</ymin>
<xmax>508</xmax>
<ymax>242</ymax>
</bndbox>
</object>
</annotation>
