<?xml version="1.0" encoding="utf-8"?>
<annotation>
<folder>images</folder>
<filename>55a7946f-ucexportviewid1qPg2Pdz6voI7uDI9xiKuCMCyjb5hNtfw</filename>
<source>
<database>MyDatabase</database>
<annotation>COCO2017</annotation>
<image>flickr</image>
<flickrid>NULL</flickrid>
<annotator>1</annotator>
</source>
<owner>
<flickrid>NULL</flickrid>
<name>Label Studio</name>
</owner>
<size>
<width>768</width>
<height>768</height>
<depth>3</depth>
</size>
<segmented>0</segmented>
<object>
<name>yellow_duck</name>
<pose>Unspecified</pose>
<truncated>0</truncated>
<difficult>0</difficult>
<bndbox>
<xmin>340</xmin>
<ymin>154</ymin>
<xmax>467</xmax>
<ymax>367</ymax>
</bndbox>
</object>
<object>
<name>green_duck</name>
<pose>Unspecified</pose>
<truncated>0</truncated>
<difficult>0</difficult>
<bndbox>
<xmin>404</xmin>
<ymin>515</ymin>
<xmax>500</xmax>
<ymax>687</ymax>
</bndbox>
</object>
<object>
<name>green_frog</name>
<pose>Unspecified</pose>
<truncated>0</truncated>
<difficult>0</difficult>
<bndbox>
<xmin>154</xmin>
<ymin>227</ymin>
<xmax>252</xmax>
<ymax>448</ymax>
</bndbox>
</object>
</annotation>
