<?xml version="1.0" encoding="utf-8"?>
<annotation>
<folder>images</folder>
<filename>57dba6ba-ucexportviewid1l3vU0htD6CNLNLfdReu6w9OIQcM7dYNP</filename>
<source>
<database>MyDatabase</database>
<annotation>COCO2017</annotation>
<image>flickr</image>
<flickrid>NULL</flickrid>
<annotator>1</annotator>
</source>
<owner>
<flickrid>NULL</flickrid>
<name>Label Studio</name>
</owner>
<size>
<width>768</width>
<height>768</height>
<depth>3</depth>
</size>
<segmented>0</segmented>
<object>
<name>green_duck</name>
<pose>Unspecified</pose>
<truncated>0</truncated>
<difficult>0</difficult>
<bndbox>
<xmin>154</xmin>
<ymin>110</ymin>
<xmax>404</xmax>
<ymax>563</ymax>
</bndbox>
</object>
</annotation>
