<?xml version="1.0" encoding="utf-8"?>
<annotation>
<folder>images</folder>
<filename>58ae5996-ucexportviewid1R5Cafg_nT1q9Lwehy3oBIJixSDLUlwe1</filename>
<source>
<database>MyDatabase</database>
<annotation>COCO2017</annotation>
<image>flickr</image>
<flickrid>NULL</flickrid>
<annotator>1</annotator>
</source>
<owner>
<flickrid>NULL</flickrid>
<name>Label Studio</name>
</owner>
<size>
<width>768</width>
<height>768</height>
<depth>3</depth>
</size>
<segmented>0</segmented>
<object>
<name>yellow_duck</name>
<pose>Unspecified</pose>
<truncated>0</truncated>
<difficult>0</difficult>
<bndbox>
<xmin>288</xmin>
<ymin>196</ymin>
<xmax>565</xmax>
<ymax>538</ymax>
</bndbox>
</object>
</annotation>
