<?xml version="1.0" encoding="utf-8"?>
<annotation>
<folder>images</folder>
<filename>5be6aaed-ucexportviewid1czQ262tCjxZpdFWMVKh_jp32kJCQvsgL</filename>
<source>
<database>MyDatabase</database>
<annotation>COCO2017</annotation>
<image>flickr</image>
<flickrid>NULL</flickrid>
<annotator>1</annotator>
</source>
<owner>
<flickrid>NULL</flickrid>
<name>Label Studio</name>
</owner>
<size>
<width>768</width>
<height>768</height>
<depth>3</depth>
</size>
<segmented>0</segmented>
<object>
<name>green_frog</name>
<pose>Unspecified</pose>
<truncated>0</truncated>
<difficult>0</difficult>
<bndbox>
<xmin>321</xmin>
<ymin>384</ymin>
<xmax>440</xmax>
<ymax>571</ymax>
</bndbox>
</object>
<object>
<name>yellow_duck</name>
<pose>Unspecified</pose>
<truncated>0</truncated>
<difficult>0</difficult>
<bndbox>
<xmin>498</xmin>
<ymin>283</ymin>
<xmax>601</xmax>
<ymax>459</ymax>
</bndbox>
</object>
<object>
<name>green_duck</name>
<pose>Unspecified</pose>
<truncated>0</truncated>
<difficult>0</difficult>
<bndbox>
<xmin>175</xmin>
<ymin>146</ymin>
<xmax>253</xmax>
<ymax>290</ymax>
</bndbox>
</object>
</annotation>
