<?xml version="1.0" encoding="utf-8"?>
<annotation>
<folder>images</folder>
<filename>5d576d77-ucexportviewid1PvRune_YRKMjI97ysUh48aGx1dKEbWgg</filename>
<source>
<database>MyDatabase</database>
<annotation>COCO2017</annotation>
<image>flickr</image>
<flickrid>NULL</flickrid>
<annotator>1</annotator>
</source>
<owner>
<flickrid>NULL</flickrid>
<name>Label Studio</name>
</owner>
<size>
<width>768</width>
<height>768</height>
<depth>3</depth>
</size>
<segmented>0</segmented>
<object>
<name>green_frog</name>
<pose>Unspecified</pose>
<truncated>0</truncated>
<difficult>0</difficult>
<bndbox>
<xmin>378</xmin>
<ymin>329</ymin>
<xmax>533</xmax>
<ymax>504</ymax>
</bndbox>
</object>
<object>
<name>green_duck</name>
<pose>Unspecified</pose>
<truncated>0</truncated>
<difficult>0</difficult>
<bndbox>
<xmin>160</xmin>
<ymin>458</ymin>
<xmax>282</xmax>
<ymax>590</ymax>
</bndbox>
</object>
<object>
<name>yellow_duck</name>
<pose>Unspecified</pose>
<truncated>0</truncated>
<difficult>0</difficult>
<bndbox>
<xmin>319</xmin>
<ymin>166</ymin>
<xmax>470</xmax>
<ymax>329</ymax>
</bndbox>
</object>
</annotation>
