<?xml version="1.0" encoding="utf-8"?>
<annotation>
<folder>images</folder>
<filename>5db3f233-ucexportviewid1gtPU9xsVCkB-b3XdnuFt3TNdDVWnOILB</filename>
<source>
<database>MyDatabase</database>
<annotation>COCO2017</annotation>
<image>flickr</image>
<flickrid>NULL</flickrid>
<annotator>1</annotator>
</source>
<owner>
<flickrid>NULL</flickrid>
<name>Label Studio</name>
</owner>
<size>
<width>768</width>
<height>768</height>
<depth>3</depth>
</size>
<segmented>0</segmented>
<object>
<name>yellow_duck</name>
<pose>Unspecified</pose>
<truncated>0</truncated>
<difficult>0</difficult>
<bndbox>
<xmin>164</xmin>
<ymin>291</ymin>
<xmax>457</xmax>
<ymax>611</ymax>
</bndbox>
</object>
</annotation>
