<?xml version="1.0" encoding="utf-8"?>
<annotation>
<folder>images</folder>
<filename>5db34178-ucexportviewid1DGXOZy7Mibn_VZ55Zrl5dLYwY1LlXABB</filename>
<source>
<database>MyDatabase</database>
<annotation>COCO2017</annotation>
<image>flickr</image>
<flickrid>NULL</flickrid>
<annotator>1</annotator>
</source>
<owner>
<flickrid>NULL</flickrid>
<name>Label Studio</name>
</owner>
<size>
<width>768</width>
<height>768</height>
<depth>3</depth>
</size>
<segmented>0</segmented>
<object>
<name>yellow_duck</name>
<pose>Unspecified</pose>
<truncated>0</truncated>
<difficult>0</difficult>
<bndbox>
<xmin>373</xmin>
<ymin>45</ymin>
<xmax>514</xmax>
<ymax>311</ymax>
</bndbox>
</object>
<object>
<name>green_duck</name>
<pose>Unspecified</pose>
<truncated>0</truncated>
<difficult>0</difficult>
<bndbox>
<xmin>147</xmin>
<ymin>182</ymin>
<xmax>270</xmax>
<ymax>399</ymax>
</bndbox>
</object>
<object>
<name>green_frog</name>
<pose>Unspecified</pose>
<truncated>0</truncated>
<difficult>0</difficult>
<bndbox>
<xmin>242</xmin>
<ymin>465</ymin>
<xmax>394</xmax>
<ymax>714</ymax>
</bndbox>
</object>
</annotation>
