<?xml version="1.0" encoding="utf-8"?>
<annotation>
<folder>images</folder>
<filename>5e6f80e1-ucexportviewid1FZeyrOmzS8Bl6gdmQ6_WFgYrY1SXsJhD</filename>
<source>
<database>MyDatabase</database>
<annotation>COCO2017</annotation>
<image>flickr</image>
<flickrid>NULL</flickrid>
<annotator>1</annotator>
</source>
<owner>
<flickrid>NULL</flickrid>
<name>Label Studio</name>
</owner>
<size>
<width>768</width>
<height>768</height>
<depth>3</depth>
</size>
<segmented>0</segmented>
<object>
<name>green_frog</name>
<pose>Unspecified</pose>
<truncated>0</truncated>
<difficult>0</difficult>
<bndbox>
<xmin>352</xmin>
<ymin>33</ymin>
<xmax>442</xmax>
<ymax>187</ymax>
</bndbox>
</object>
<object>
<name>green_duck</name>
<pose>Unspecified</pose>
<truncated>0</truncated>
<difficult>0</difficult>
<bndbox>
<xmin>338</xmin>
<ymin>255</ymin>
<xmax>430</xmax>
<ymax>405</ymax>
</bndbox>
</object>
<object>
<name>yellow_duck</name>
<pose>Unspecified</pose>
<truncated>0</truncated>
<difficult>0</difficult>
<bndbox>
<xmin>295</xmin>
<ymin>457</ymin>
<xmax>435</xmax>
<ymax>695</ymax>
</bndbox>
</object>
</annotation>
