<?xml version="1.0" encoding="utf-8"?>
<annotation>
<folder>images</folder>
<filename>6270b58e-ucexportviewid1lPFOUvbYkx2vMK-8RkpPbIzoVntrJn9P</filename>
<source>
<database>MyDatabase</database>
<annotation>COCO2017</annotation>
<image>flickr</image>
<flickrid>NULL</flickrid>
<annotator>1</annotator>
</source>
<owner>
<flickrid>NULL</flickrid>
<name>Label Studio</name>
</owner>
<size>
<width>768</width>
<height>768</height>
<depth>3</depth>
</size>
<segmented>0</segmented>
<object>
<name>green_duck</name>
<pose>Unspecified</pose>
<truncated>0</truncated>
<difficult>0</difficult>
<bndbox>
<xmin>455</xmin>
<ymin>298</ymin>
<xmax>534</xmax>
<ymax>430</ymax>
</bndbox>
</object>
<object>
<name>green_frog</name>
<pose>Unspecified</pose>
<truncated>0</truncated>
<difficult>0</difficult>
<bndbox>
<xmin>288</xmin>
<ymin>383</ymin>
<xmax>390</xmax>
<ymax>546</ymax>
</bndbox>
</object>
<object>
<name>yellow_duck</name>
<pose>Unspecified</pose>
<truncated>0</truncated>
<difficult>0</difficult>
<bndbox>
<xmin>406</xmin>
<ymin>136</ymin>
<xmax>487</xmax>
<ymax>263</ymax>
</bndbox>
</object>
</annotation>
