<?xml version="1.0" encoding="utf-8"?>
<annotation>
<folder>images</folder>
<filename>645fbe14-ucexportviewid1tXFE3u4GVl6I9ki119CCG-Wa8D619Cxu</filename>
<source>
<database>MyDatabase</database>
<annotation>COCO2017</annotation>
<image>flickr</image>
<flickrid>NULL</flickrid>
<annotator>1</annotator>
</source>
<owner>
<flickrid>NULL</flickrid>
<name>Label Studio</name>
</owner>
<size>
<width>768</width>
<height>768</height>
<depth>3</depth>
</size>
<segmented>0</segmented>
<object>
<name>yellow_duck</name>
<pose>Unspecified</pose>
<truncated>0</truncated>
<difficult>0</difficult>
<bndbox>
<xmin>443</xmin>
<ymin>468</ymin>
<xmax>535</xmax>
<ymax>638</ymax>
</bndbox>
</object>
<object>
<name>green_duck</name>
<pose>Unspecified</pose>
<truncated>0</truncated>
<difficult>0</difficult>
<bndbox>
<xmin>338</xmin>
<ymin>188</ymin>
<xmax>400</xmax>
<ymax>302</ymax>
</bndbox>
</object>
<object>
<name>green_frog</name>
<pose>Unspecified</pose>
<truncated>0</truncated>
<difficult>0</difficult>
<bndbox>
<xmin>201</xmin>
<ymin>455</ymin>
<xmax>296</xmax>
<ymax>601</ymax>
</bndbox>
</object>
</annotation>
