<?xml version="1.0" encoding="utf-8"?>
<annotation>
<folder>images</folder>
<filename>6590d1ef-ucexportviewid1_FYb034Xm9L6WApJfJ4WmBbO_hG4obe_</filename>
<source>
<database>MyDatabase</database>
<annotation>COCO2017</annotation>
<image>flickr</image>
<flickrid>NULL</flickrid>
<annotator>1</annotator>
</source>
<owner>
<flickrid>NULL</flickrid>
<name>Label Studio</name>
</owner>
<size>
<width>768</width>
<height>768</height>
<depth>3</depth>
</size>
<segmented>0</segmented>
<object>
<name>yellow_duck</name>
<pose>Unspecified</pose>
<truncated>0</truncated>
<difficult>0</difficult>
<bndbox>
<xmin>28</xmin>
<ymin>195</ymin>
<xmax>247</xmax>
<ymax>511</ymax>
</bndbox>
</object>
<object>
<name>green_duck</name>
<pose>Unspecified</pose>
<truncated>0</truncated>
<difficult>0</difficult>
<bndbox>
<xmin>275</xmin>
<ymin>441</ymin>
<xmax>369</xmax>
<ymax>611</ymax>
</bndbox>
</object>
<object>
<name>green_frog</name>
<pose>Unspecified</pose>
<truncated>0</truncated>
<difficult>0</difficult>
<bndbox>
<xmin>542</xmin>
<ymin>248</ymin>
<xmax>706</xmax>
<ymax>510</ymax>
</bndbox>
</object>
</annotation>
