<?xml version="1.0" encoding="utf-8"?>
<annotation>
<folder>images</folder>
<filename>69ad0616-ucexportviewid1IBGyoPh2Ial5oLV50odACPXov-JsNjtF</filename>
<source>
<database>MyDatabase</database>
<annotation>COCO2017</annotation>
<image>flickr</image>
<flickrid>NULL</flickrid>
<annotator>1</annotator>
</source>
<owner>
<flickrid>NULL</flickrid>
<name>Label Studio</name>
</owner>
<size>
<width>768</width>
<height>768</height>
<depth>3</depth>
</size>
<segmented>0</segmented>
<object>
<name>green_frog</name>
<pose>Unspecified</pose>
<truncated>0</truncated>
<difficult>0</difficult>
<bndbox>
<xmin>167</xmin>
<ymin>322</ymin>
<xmax>274</xmax>
<ymax>471</ymax>
</bndbox>
</object>
<object>
<name>yellow_duck</name>
<pose>Unspecified</pose>
<truncated>0</truncated>
<difficult>0</difficult>
<bndbox>
<xmin>350</xmin>
<ymin>317</ymin>
<xmax>439</xmax>
<ymax>458</ymax>
</bndbox>
</object>
<object>
<name>green_duck</name>
<pose>Unspecified</pose>
<truncated>0</truncated>
<difficult>0</difficult>
<bndbox>
<xmin>520</xmin>
<ymin>350</ymin>
<xmax>604</xmax>
<ymax>477</ymax>
</bndbox>
</object>
</annotation>
