<?xml version="1.0" encoding="utf-8"?>
<annotation>
<folder>images</folder>
<filename>6b13f7f0-ucexportviewid1QZAADem-rbb62gZtUfQeWKb9l10CYaB_</filename>
<source>
<database>MyDatabase</database>
<annotation>COCO2017</annotation>
<image>flickr</image>
<flickrid>NULL</flickrid>
<annotator>1</annotator>
</source>
<owner>
<flickrid>NULL</flickrid>
<name>Label Studio</name>
</owner>
<size>
<width>768</width>
<height>768</height>
<depth>3</depth>
</size>
<segmented>0</segmented>
<object>
<name>green_duck</name>
<pose>Unspecified</pose>
<truncated>0</truncated>
<difficult>0</difficult>
<bndbox>
<xmin>409</xmin>
<ymin>354</ymin>
<xmax>554</xmax>
<ymax>583</ymax>
</bndbox>
</object>
</annotation>
