<?xml version="1.0" encoding="utf-8"?>
<annotation>
<folder>images</folder>
<filename>6b9a0786-ucexportviewid1TiFh6iAoJXPKgJv677S873jqHSYy1UUZ</filename>
<source>
<database>MyDatabase</database>
<annotation>COCO2017</annotation>
<image>flickr</image>
<flickrid>NULL</flickrid>
<annotator>1</annotator>
</source>
<owner>
<flickrid>NULL</flickrid>
<name>Label Studio</name>
</owner>
<size>
<width>768</width>
<height>768</height>
<depth>3</depth>
</size>
<segmented>0</segmented>
<object>
<name>green_duck</name>
<pose>Unspecified</pose>
<truncated>0</truncated>
<difficult>0</difficult>
<bndbox>
<xmin>246</xmin>
<ymin>116</ymin>
<xmax>455</xmax>
<ymax>415</ymax>
</bndbox>
</object>
</annotation>
