<?xml version="1.0" encoding="utf-8"?>
<annotation>
<folder>images</folder>
<filename>6d010f23-ucexportviewid1_FX1Q63wwT7i9oEHR6gzHW3EvE7BL_HM</filename>
<source>
<database>MyDatabase</database>
<annotation>COCO2017</annotation>
<image>flickr</image>
<flickrid>NULL</flickrid>
<annotator>1</annotator>
</source>
<owner>
<flickrid>NULL</flickrid>
<name>Label Studio</name>
</owner>
<size>
<width>768</width>
<height>768</height>
<depth>3</depth>
</size>
<segmented>0</segmented>
<object>
<name>green_duck</name>
<pose>Unspecified</pose>
<truncated>0</truncated>
<difficult>0</difficult>
<bndbox>
<xmin>323</xmin>
<ymin>137</ymin>
<xmax>478</xmax>
<ymax>437</ymax>
</bndbox>
</object>
</annotation>
