<?xml version="1.0" encoding="utf-8"?>
<annotation>
<folder>images</folder>
<filename>72903780-ucexportviewid1-4cXX0xnwpsjDc12yjOkGiwyaxP2GwXX</filename>
<source>
<database>MyDatabase</database>
<annotation>COCO2017</annotation>
<image>flickr</image>
<flickrid>NULL</flickrid>
<annotator>1</annotator>
</source>
<owner>
<flickrid>NULL</flickrid>
<name>Label Studio</name>
</owner>
<size>
<width>768</width>
<height>768</height>
<depth>3</depth>
</size>
<segmented>0</segmented>
<object>
<name>yellow_duck</name>
<pose>Unspecified</pose>
<truncated>0</truncated>
<difficult>0</difficult>
<bndbox>
<xmin>195</xmin>
<ymin>287</ymin>
<xmax>297</xmax>
<ymax>448</ymax>
</bndbox>
</object>
<object>
<name>green_frog</name>
<pose>Unspecified</pose>
<truncated>0</truncated>
<difficult>0</difficult>
<bndbox>
<xmin>406</xmin>
<ymin>301</ymin>
<xmax>498</xmax>
<ymax>477</ymax>
</bndbox>
</object>
<object>
<name>green_duck</name>
<pose>Unspecified</pose>
<truncated>0</truncated>
<difficult>0</difficult>
<bndbox>
<xmin>574</xmin>
<ymin>281</ymin>
<xmax>650</xmax>
<ymax>407</ymax>
</bndbox>
</object>
</annotation>
