<?xml version="1.0" encoding="utf-8"?>
<annotation>
<folder>images</folder>
<filename>78341b12-ucexportviewid1PD-rGktXRY4qjCF_1kpa1H8RlU9h1Y7H</filename>
<source>
<database>MyDatabase</database>
<annotation>COCO2017</annotation>
<image>flickr</image>
<flickrid>NULL</flickrid>
<annotator>1</annotator>
</source>
<owner>
<flickrid>NULL</flickrid>
<name>Label Studio</name>
</owner>
<size>
<width>768</width>
<height>768</height>
<depth>3</depth>
</size>
<segmented>0</segmented>
<object>
<name>green_frog</name>
<pose>Unspecified</pose>
<truncated>0</truncated>
<difficult>0</difficult>
<bndbox>
<xmin>281</xmin>
<ymin>260</ymin>
<xmax>439</xmax>
<ymax>537</ymax>
</bndbox>
</object>
</annotation>
