<?xml version="1.0" encoding="utf-8"?>
<annotation>
<folder>images</folder>
<filename>7cd2b8b4-ucexportviewid1z-NYLAsFZzGXuZB2aO7QKZyrNWmZp6SX</filename>
<source>
<database>MyDatabase</database>
<annotation>COCO2017</annotation>
<image>flickr</image>
<flickrid>NULL</flickrid>
<annotator>1</annotator>
</source>
<owner>
<flickrid>NULL</flickrid>
<name>Label Studio</name>
</owner>
<size>
<width>768</width>
<height>768</height>
<depth>3</depth>
</size>
<segmented>0</segmented>
<object>
<name>yellow_duck</name>
<pose>Unspecified</pose>
<truncated>0</truncated>
<difficult>0</difficult>
<bndbox>
<xmin>182</xmin>
<ymin>349</ymin>
<xmax>307</xmax>
<ymax>578</ymax>
</bndbox>
</object>
<object>
<name>green_duck</name>
<pose>Unspecified</pose>
<truncated>0</truncated>
<difficult>0</difficult>
<bndbox>
<xmin>455</xmin>
<ymin>455</ymin>
<xmax>563</xmax>
<ymax>645</ymax>
</bndbox>
</object>
<object>
<name>green_frog</name>
<pose>Unspecified</pose>
<truncated>0</truncated>
<difficult>0</difficult>
<bndbox>
<xmin>371</xmin>
<ymin>90</ymin>
<xmax>504</xmax>
<ymax>301</ymax>
</bndbox>
</object>
</annotation>
