<?xml version="1.0" encoding="utf-8"?>
<annotation>
<folder>images</folder>
<filename>7d65effa-ucexportviewid1ZlWfLJdbRZESaUkqeOsJoP4hzzVoYBXy</filename>
<source>
<database>MyDatabase</database>
<annotation>COCO2017</annotation>
<image>flickr</image>
<flickrid>NULL</flickrid>
<annotator>1</annotator>
</source>
<owner>
<flickrid>NULL</flickrid>
<name>Label Studio</name>
</owner>
<size>
<width>768</width>
<height>768</height>
<depth>3</depth>
</size>
<segmented>0</segmented>
<object>
<name>green_frog</name>
<pose>Unspecified</pose>
<truncated>0</truncated>
<difficult>0</difficult>
<bndbox>
<xmin>260</xmin>
<ymin>510</ymin>
<xmax>366</xmax>
<ymax>701</ymax>
</bndbox>
</object>
<object>
<name>green_duck</name>
<pose>Unspecified</pose>
<truncated>0</truncated>
<difficult>0</difficult>
<bndbox>
<xmin>48</xmin>
<ymin>187</ymin>
<xmax>208</xmax>
<ymax>452</ymax>
</bndbox>
</object>
<object>
<name>yellow_duck</name>
<pose>Unspecified</pose>
<truncated>0</truncated>
<difficult>0</difficult>
<bndbox>
<xmin>558</xmin>
<ymin>241</ymin>
<xmax>746</xmax>
<ymax>511</ymax>
</bndbox>
</object>
</annotation>
