<?xml version="1.0" encoding="utf-8"?>
<annotation>
<folder>images</folder>
<filename>7dd3a0d4-ucexportviewid1fo0sbMiU-v5t3Q1_wZw_6oQFs0-bps7y</filename>
<source>
<database>MyDatabase</database>
<annotation>COCO2017</annotation>
<image>flickr</image>
<flickrid>NULL</flickrid>
<annotator>1</annotator>
</source>
<owner>
<flickrid>NULL</flickrid>
<name>Label Studio</name>
</owner>
<size>
<width>768</width>
<height>768</height>
<depth>3</depth>
</size>
<segmented>0</segmented>
<object>
<name>green_duck</name>
<pose>Unspecified</pose>
<truncated>0</truncated>
<difficult>0</difficult>
<bndbox>
<xmin>477</xmin>
<ymin>396</ymin>
<xmax>601</xmax>
<ymax>590</ymax>
</bndbox>
</object>
<object>
<name>green_frog</name>
<pose>Unspecified</pose>
<truncated>0</truncated>
<difficult>0</difficult>
<bndbox>
<xmin>132</xmin>
<ymin>245</ymin>
<xmax>234</xmax>
<ymax>425</ymax>
</bndbox>
</object>
<object>
<name>yellow_duck</name>
<pose>Unspecified</pose>
<truncated>0</truncated>
<difficult>0</difficult>
<bndbox>
<xmin>291</xmin>
<ymin>288</ymin>
<xmax>402</xmax>
<ymax>471</ymax>
</bndbox>
</object>
</annotation>
