<?xml version="1.0" encoding="utf-8"?>
<annotation>
<folder>images</folder>
<filename>850a7639-ucexportviewid1ckvNpfsY2qFNQBXzHHmEY3WCPjnBEBnf</filename>
<source>
<database>MyDatabase</database>
<annotation>COCO2017</annotation>
<image>flickr</image>
<flickrid>NULL</flickrid>
<annotator>1</annotator>
</source>
<owner>
<flickrid>NULL</flickrid>
<name>Label Studio</name>
</owner>
<size>
<width>768</width>
<height>768</height>
<depth>3</depth>
</size>
<segmented>0</segmented>
<object>
<name>green_duck</name>
<pose>Unspecified</pose>
<truncated>0</truncated>
<difficult>0</difficult>
<bndbox>
<xmin>236</xmin>
<ymin>300</ymin>
<xmax>331</xmax>
<ymax>418</ymax>
</bndbox>
</object>
<object>
<name>green_frog</name>
<pose>Unspecified</pose>
<truncated>0</truncated>
<difficult>0</difficult>
<bndbox>
<xmin>516</xmin>
<ymin>450</ymin>
<xmax>635</xmax>
<ymax>595</ymax>
</bndbox>
</object>
<object>
<name>yellow_duck</name>
<pose>Unspecified</pose>
<truncated>0</truncated>
<difficult>0</difficult>
<bndbox>
<xmin>255</xmin>
<ymin>51</ymin>
<xmax>374</xmax>
<ymax>202</ymax>
</bndbox>
</object>
</annotation>
