<?xml version="1.0" encoding="utf-8"?>
<annotation>
<folder>images</folder>
<filename>8910a937-ucexportviewid13j_5DcR3vRK_HiYJ9RlFmIE2yW-K9jod</filename>
<source>
<database>MyDatabase</database>
<annotation>COCO2017</annotation>
<image>flickr</image>
<flickrid>NULL</flickrid>
<annotator>1</annotator>
</source>
<owner>
<flickrid>NULL</flickrid>
<name>Label Studio</name>
</owner>
<size>
<width>768</width>
<height>768</height>
<depth>3</depth>
</size>
<segmented>0</segmented>
<object>
<name>green_frog</name>
<pose>Unspecified</pose>
<truncated>0</truncated>
<difficult>0</difficult>
<bndbox>
<xmin>253</xmin>
<ymin>349</ymin>
<xmax>395</xmax>
<ymax>655</ymax>
</bndbox>
</object>
</annotation>
