<?xml version="1.0" encoding="utf-8"?>
<annotation>
<folder>images</folder>
<filename>8911bc04-ucexportviewid1lxvXa-1L1h5iU05PD-EemxMOOGJU-FF5</filename>
<source>
<database>MyDatabase</database>
<annotation>COCO2017</annotation>
<image>flickr</image>
<flickrid>NULL</flickrid>
<annotator>1</annotator>
</source>
<owner>
<flickrid>NULL</flickrid>
<name>Label Studio</name>
</owner>
<size>
<width>768</width>
<height>768</height>
<depth>3</depth>
</size>
<segmented>0</segmented>
<object>
<name>green_frog</name>
<pose>Unspecified</pose>
<truncated>0</truncated>
<difficult>0</difficult>
<bndbox>
<xmin>460</xmin>
<ymin>259</ymin>
<xmax>646</xmax>
<ymax>619</ymax>
</bndbox>
</object>
</annotation>
