<?xml version="1.0" encoding="utf-8"?>
<annotation>
<folder>images</folder>
<filename>8d0ee283-ucexportviewid1jLNXfK1UoXpZu-YB19c1nGtP4In_TMxO</filename>
<source>
<database>MyDatabase</database>
<annotation>COCO2017</annotation>
<image>flickr</image>
<flickrid>NULL</flickrid>
<annotator>1</annotator>
</source>
<owner>
<flickrid>NULL</flickrid>
<name>Label Studio</name>
</owner>
<size>
<width>768</width>
<height>768</height>
<depth>3</depth>
</size>
<segmented>0</segmented>
<object>
<name>green_duck</name>
<pose>Unspecified</pose>
<truncated>0</truncated>
<difficult>0</difficult>
<bndbox>
<xmin>332</xmin>
<ymin>176</ymin>
<xmax>551</xmax>
<ymax>564</ymax>
</bndbox>
</object>
</annotation>
