<?xml version="1.0" encoding="utf-8"?>
<annotation>
<folder>images</folder>
<filename>8f9ab490-ucexportviewid165JUXD8DJDt9rn6wk4dvo367hHcnkVN2</filename>
<source>
<database>MyDatabase</database>
<annotation>COCO2017</annotation>
<image>flickr</image>
<flickrid>NULL</flickrid>
<annotator>1</annotator>
</source>
<owner>
<flickrid>NULL</flickrid>
<name>Label Studio</name>
</owner>
<size>
<width>768</width>
<height>768</height>
<depth>3</depth>
</size>
<segmented>0</segmented>
<object>
<name>green_duck</name>
<pose>Unspecified</pose>
<truncated>0</truncated>
<difficult>0</difficult>
<bndbox>
<xmin>179</xmin>
<ymin>348</ymin>
<xmax>308</xmax>
<ymax>587</ymax>
</bndbox>
</object>
</annotation>
