<?xml version="1.0" encoding="utf-8"?>
<annotation>
<folder>images</folder>
<filename>919988a4-ucexportviewid1ISxOVnUbE0mG7WYqWWd9wezMTqou0Slb</filename>
<source>
<database>MyDatabase</database>
<annotation>COCO2017</annotation>
<image>flickr</image>
<flickrid>NULL</flickrid>
<annotator>1</annotator>
</source>
<owner>
<flickrid>NULL</flickrid>
<name>Label Studio</name>
</owner>
<size>
<width>768</width>
<height>768</height>
<depth>3</depth>
</size>
<segmented>0</segmented>
<object>
<name>green_frog</name>
<pose>Unspecified</pose>
<truncated>0</truncated>
<difficult>0</difficult>
<bndbox>
<xmin>314</xmin>
<ymin>248</ymin>
<xmax>552</xmax>
<ymax>498</ymax>
</bndbox>
</object>
</annotation>
