<?xml version="1.0" encoding="utf-8"?>
<annotation>
<folder>images</folder>
<filename>98de6db2-ucexportviewid1yPPA2RejOgqAk70EBjLXZj-iEpaEPdv8</filename>
<source>
<database>MyDatabase</database>
<annotation>COCO2017</annotation>
<image>flickr</image>
<flickrid>NULL</flickrid>
<annotator>1</annotator>
</source>
<owner>
<flickrid>NULL</flickrid>
<name>Label Studio</name>
</owner>
<size>
<width>768</width>
<height>768</height>
<depth>3</depth>
</size>
<segmented>0</segmented>
<object>
<name>yellow_duck</name>
<pose>Unspecified</pose>
<truncated>0</truncated>
<difficult>0</difficult>
<bndbox>
<xmin>344</xmin>
<ymin>332</ymin>
<xmax>441</xmax>
<ymax>485</ymax>
</bndbox>
</object>
<object>
<name>green_duck</name>
<pose>Unspecified</pose>
<truncated>0</truncated>
<difficult>0</difficult>
<bndbox>
<xmin>201</xmin>
<ymin>240</ymin>
<xmax>282</xmax>
<ymax>384</ymax>
</bndbox>
</object>
<object>
<name>green_frog</name>
<pose>Unspecified</pose>
<truncated>0</truncated>
<difficult>0</difficult>
<bndbox>
<xmin>498</xmin>
<ymin>220</ymin>
<xmax>615</xmax>
<ymax>411</ymax>
</bndbox>
</object>
</annotation>
