<?xml version="1.0" encoding="utf-8"?>
<annotation>
<folder>images</folder>
<filename>98f9b1de-ucexportviewid16AkUF7D43Z27W2cZIrMeTpY2aQqwqmNu</filename>
<source>
<database>MyDatabase</database>
<annotation>COCO2017</annotation>
<image>flickr</image>
<flickrid>NULL</flickrid>
<annotator>1</annotator>
</source>
<owner>
<flickrid>NULL</flickrid>
<name>Label Studio</name>
</owner>
<size>
<width>768</width>
<height>768</height>
<depth>3</depth>
</size>
<segmented>0</segmented>
<object>
<name>green_duck</name>
<pose>Unspecified</pose>
<truncated>0</truncated>
<difficult>0</difficult>
<bndbox>
<xmin>392</xmin>
<ymin>443</ymin>
<xmax>488</xmax>
<ymax>613</ymax>
</bndbox>
</object>
<object>
<name>green_frog</name>
<pose>Unspecified</pose>
<truncated>0</truncated>
<difficult>0</difficult>
<bndbox>
<xmin>133</xmin>
<ymin>236</ymin>
<xmax>270</xmax>
<ymax>478</ymax>
</bndbox>
</object>
<object>
<name>yellow_duck</name>
<pose>Unspecified</pose>
<truncated>0</truncated>
<difficult>0</difficult>
<bndbox>
<xmin>332</xmin>
<ymin>51</ymin>
<xmax>463</xmax>
<ymax>307</ymax>
</bndbox>
</object>
</annotation>
