<?xml version="1.0" encoding="utf-8"?>
<annotation>
<folder>images</folder>
<filename>9ce78185-ucexportviewid1SNmj5jr6-GAYJAXPAP9IWW3pHWY8Eg5q</filename>
<source>
<database>MyDatabase</database>
<annotation>COCO2017</annotation>
<image>flickr</image>
<flickrid>NULL</flickrid>
<annotator>1</annotator>
</source>
<owner>
<flickrid>NULL</flickrid>
<name>Label Studio</name>
</owner>
<size>
<width>768</width>
<height>768</height>
<depth>3</depth>
</size>
<segmented>0</segmented>
<object>
<name>green_duck</name>
<pose>Unspecified</pose>
<truncated>0</truncated>
<difficult>0</difficult>
<bndbox>
<xmin>325</xmin>
<ymin>388</ymin>
<xmax>497</xmax>
<ymax>588</ymax>
</bndbox>
</object>
<object>
<name>green_frog</name>
<pose>Unspecified</pose>
<truncated>0</truncated>
<difficult>0</difficult>
<bndbox>
<xmin>415</xmin>
<ymin>189</ymin>
<xmax>579</xmax>
<ymax>336</ymax>
</bndbox>
</object>
<object>
<name>yellow_duck</name>
<pose>Unspecified</pose>
<truncated>0</truncated>
<difficult>0</difficult>
<bndbox>
<xmin>290</xmin>
<ymin>40</ymin>
<xmax>430</xmax>
<ymax>182</ymax>
</bndbox>
</object>
</annotation>
