<?xml version="1.0" encoding="utf-8"?>
<annotation>
<folder>images</folder>
<filename>a0d26f2a-ucexportviewid11nMhK-aUO7RMxlqDhWNF5vNA04c63Z5Y</filename>
<source>
<database>MyDatabase</database>
<annotation>COCO2017</annotation>
<image>flickr</image>
<flickrid>NULL</flickrid>
<annotator>1</annotator>
</source>
<owner>
<flickrid>NULL</flickrid>
<name>Label Studio</name>
</owner>
<size>
<width>768</width>
<height>768</height>
<depth>3</depth>
</size>
<segmented>0</segmented>
<object>
<name>green_frog</name>
<pose>Unspecified</pose>
<truncated>0</truncated>
<difficult>0</difficult>
<bndbox>
<xmin>137</xmin>
<ymin>169</ymin>
<xmax>266</xmax>
<ymax>385</ymax>
</bndbox>
</object>
<object>
<name>green_duck</name>
<pose>Unspecified</pose>
<truncated>0</truncated>
<difficult>0</difficult>
<bndbox>
<xmin>502</xmin>
<ymin>177</ymin>
<xmax>595</xmax>
<ymax>340</ymax>
</bndbox>
</object>
<object>
<name>yellow_duck</name>
<pose>Unspecified</pose>
<truncated>0</truncated>
<difficult>0</difficult>
<bndbox>
<xmin>325</xmin>
<ymin>343</ymin>
<xmax>446</xmax>
<ymax>547</ymax>
</bndbox>
</object>
</annotation>
