<?xml version="1.0" encoding="utf-8"?>
<annotation>
<folder>images</folder>
<filename>a119d94b-ucexportviewid1S-4KC4O2uvoUS0m72CU2XEWaGrHc1DiZ</filename>
<source>
<database>MyDatabase</database>
<annotation>COCO2017</annotation>
<image>flickr</image>
<flickrid>NULL</flickrid>
<annotator>1</annotator>
</source>
<owner>
<flickrid>NULL</flickrid>
<name>Label Studio</name>
</owner>
<size>
<width>768</width>
<height>768</height>
<depth>3</depth>
</size>
<segmented>0</segmented>
<object>
<name>green_frog</name>
<pose>Unspecified</pose>
<truncated>0</truncated>
<difficult>0</difficult>
<bndbox>
<xmin>179</xmin>
<ymin>267</ymin>
<xmax>476</xmax>
<ymax>627</ymax>
</bndbox>
</object>
</annotation>
