<?xml version="1.0" encoding="utf-8"?>
<annotation>
<folder>images</folder>
<filename>b4a45037-ucexportviewid1N9X5ZKvAeoE0YYEQmXcVoUsMG9mSV8pG</filename>
<source>
<database>MyDatabase</database>
<annotation>COCO2017</annotation>
<image>flickr</image>
<flickrid>NULL</flickrid>
<annotator>1</annotator>
</source>
<owner>
<flickrid>NULL</flickrid>
<name>Label Studio</name>
</owner>
<size>
<width>768</width>
<height>768</height>
<depth>3</depth>
</size>
<segmented>0</segmented>
<object>
<name>green_frog</name>
<pose>Unspecified</pose>
<truncated>0</truncated>
<difficult>0</difficult>
<bndbox>
<xmin>268</xmin>
<ymin>137</ymin>
<xmax>453</xmax>
<ymax>493</ymax>
</bndbox>
</object>
</annotation>
