<?xml version="1.0" encoding="utf-8"?>
<annotation>
<folder>images</folder>
<filename>b57cf570-ucexportviewid1ZitHU9RF2ktTiTQv7uA_9JYZOupAv-Yd</filename>
<source>
<database>MyDatabase</database>
<annotation>COCO2017</annotation>
<image>flickr</image>
<flickrid>NULL</flickrid>
<annotator>1</annotator>
</source>
<owner>
<flickrid>NULL</flickrid>
<name>Label Studio</name>
</owner>
<size>
<width>768</width>
<height>768</height>
<depth>3</depth>
</size>
<segmented>0</segmented>
<object>
<name>green_frog</name>
<pose>Unspecified</pose>
<truncated>0</truncated>
<difficult>0</difficult>
<bndbox>
<xmin>215</xmin>
<ymin>147</ymin>
<xmax>369</xmax>
<ymax>411</ymax>
</bndbox>
</object>
<object>
<name>green_duck</name>
<pose>Unspecified</pose>
<truncated>0</truncated>
<difficult>0</difficult>
<bndbox>
<xmin>505</xmin>
<ymin>371</ymin>
<xmax>603</xmax>
<ymax>531</ymax>
</bndbox>
</object>
<object>
<name>yellow_duck</name>
<pose>Unspecified</pose>
<truncated>0</truncated>
<difficult>0</difficult>
<bndbox>
<xmin>291</xmin>
<ymin>501</ymin>
<xmax>385</xmax>
<ymax>655</ymax>
</bndbox>
</object>
</annotation>
