<?xml version="1.0" encoding="utf-8"?>
<annotation>
<folder>images</folder>
<filename>b5bbdcc7-ucexportviewid140mRBdBXCN0px8cc96bLrDkq5eT6Duiw</filename>
<source>
<database>MyDatabase</database>
<annotation>COCO2017</annotation>
<image>flickr</image>
<flickrid>NULL</flickrid>
<annotator>1</annotator>
</source>
<owner>
<flickrid>NULL</flickrid>
<name>Label Studio</name>
</owner>
<size>
<width>768</width>
<height>768</height>
<depth>3</depth>
</size>
<segmented>0</segmented>
<object>
<name>green_duck</name>
<pose>Unspecified</pose>
<truncated>0</truncated>
<difficult>0</difficult>
<bndbox>
<xmin>71</xmin>
<ymin>209</ymin>
<xmax>290</xmax>
<ymax>574</ymax>
</bndbox>
</object>
</annotation>
