<?xml version="1.0" encoding="utf-8"?>
<annotation>
<folder>images</folder>
<filename>b70dcf61-ucexportviewid1SYMDaJJpOl5PEUnhDPhBzTSNm-OOQ2xV</filename>
<source>
<database>MyDatabase</database>
<annotation>COCO2017</annotation>
<image>flickr</image>
<flickrid>NULL</flickrid>
<annotator>1</annotator>
</source>
<owner>
<flickrid>NULL</flickrid>
<name>Label Studio</name>
</owner>
<size>
<width>768</width>
<height>768</height>
<depth>3</depth>
</size>
<segmented>0</segmented>
<object>
<name>yellow_duck</name>
<pose>Unspecified</pose>
<truncated>0</truncated>
<difficult>0</difficult>
<bndbox>
<xmin>12</xmin>
<ymin>219</ymin>
<xmax>205</xmax>
<ymax>539</ymax>
</bndbox>
</object>
<object>
<name>green_duck</name>
<pose>Unspecified</pose>
<truncated>0</truncated>
<difficult>0</difficult>
<bndbox>
<xmin>289</xmin>
<ymin>257</ymin>
<xmax>426</xmax>
<ymax>500</ymax>
</bndbox>
</object>
<object>
<name>green_frog</name>
<pose>Unspecified</pose>
<truncated>0</truncated>
<difficult>0</difficult>
<bndbox>
<xmin>548</xmin>
<ymin>255</ymin>
<xmax>718</xmax>
<ymax>514</ymax>
</bndbox>
</object>
</annotation>
