<?xml version="1.0" encoding="utf-8"?>
<annotation>
<folder>images</folder>
<filename>b81ec419-ucexportviewid1qEPWKgqZfOO8gFOJV1lPf2VPLvmtaBsC</filename>
<source>
<database>MyDatabase</database>
<annotation>COCO2017</annotation>
<image>flickr</image>
<flickrid>NULL</flickrid>
<annotator>1</annotator>
</source>
<owner>
<flickrid>NULL</flickrid>
<name>Label Studio</name>
</owner>
<size>
<width>768</width>
<height>768</height>
<depth>3</depth>
</size>
<segmented>0</segmented>
<object>
<name>green_frog</name>
<pose>Unspecified</pose>
<truncated>0</truncated>
<difficult>0</difficult>
<bndbox>
<xmin>346</xmin>
<ymin>303</ymin>
<xmax>473</xmax>
<ymax>502</ymax>
</bndbox>
</object>
<object>
<name>green_duck</name>
<pose>Unspecified</pose>
<truncated>0</truncated>
<difficult>0</difficult>
<bndbox>
<xmin>125</xmin>
<ymin>122</ymin>
<xmax>256</xmax>
<ymax>321</ymax>
</bndbox>
</object>
<object>
<name>yellow_duck</name>
<pose>Unspecified</pose>
<truncated>0</truncated>
<difficult>0</difficult>
<bndbox>
<xmin>307</xmin>
<ymin>547</ymin>
<xmax>413</xmax>
<ymax>701</ymax>
</bndbox>
</object>
</annotation>
