<?xml version="1.0" encoding="utf-8"?>
<annotation>
<folder>images</folder>
<filename>b864d451-ucexportviewid1FTM9EXi7BKLIYs3h4AUUNDGS1n9l5DWD</filename>
<source>
<database>MyDatabase</database>
<annotation>COCO2017</annotation>
<image>flickr</image>
<flickrid>NULL</flickrid>
<annotator>1</annotator>
</source>
<owner>
<flickrid>NULL</flickrid>
<name>Label Studio</name>
</owner>
<size>
<width>768</width>
<height>768</height>
<depth>3</depth>
</size>
<segmented>0</segmented>
<object>
<name>yellow_duck</name>
<pose>Unspecified</pose>
<truncated>0</truncated>
<difficult>0</difficult>
<bndbox>
<xmin>276</xmin>
<ymin>315</ymin>
<xmax>462</xmax>
<ymax>631</ymax>
</bndbox>
</object>
</annotation>
