<?xml version="1.0" encoding="utf-8"?>
<annotation>
<folder>images</folder>
<filename>b9a077c0-ucexportviewid1H7igsAVMwN5ZLbJRmfsJzJWxY6ho3wd0</filename>
<source>
<database>MyDatabase</database>
<annotation>COCO2017</annotation>
<image>flickr</image>
<flickrid>NULL</flickrid>
<annotator>1</annotator>
</source>
<owner>
<flickrid>NULL</flickrid>
<name>Label Studio</name>
</owner>
<size>
<width>768</width>
<height>768</height>
<depth>3</depth>
</size>
<segmented>0</segmented>
<object>
<name>green_duck</name>
<pose>Unspecified</pose>
<truncated>0</truncated>
<difficult>0</difficult>
<bndbox>
<xmin>159</xmin>
<ymin>411</ymin>
<xmax>270</xmax>
<ymax>540</ymax>
</bndbox>
</object>
<object>
<name>green_frog</name>
<pose>Unspecified</pose>
<truncated>0</truncated>
<difficult>0</difficult>
<bndbox>
<xmin>341</xmin>
<ymin>358</ymin>
<xmax>478</xmax>
<ymax>521</ymax>
</bndbox>
</object>
<object>
<name>yellow_duck</name>
<pose>Unspecified</pose>
<truncated>0</truncated>
<difficult>0</difficult>
<bndbox>
<xmin>420</xmin>
<ymin>165</ymin>
<xmax>572</xmax>
<ymax>377</ymax>
</bndbox>
</object>
</annotation>
