<?xml version="1.0" encoding="utf-8"?>
<annotation>
<folder>images</folder>
<filename>ba9d1695-ucexportviewid1zhhQNt2dOUICUCL8_tQGTmr8sRf6cf4j</filename>
<source>
<database>MyDatabase</database>
<annotation>COCO2017</annotation>
<image>flickr</image>
<flickrid>NULL</flickrid>
<annotator>1</annotator>
</source>
<owner>
<flickrid>NULL</flickrid>
<name>Label Studio</name>
</owner>
<size>
<width>768</width>
<height>768</height>
<depth>3</depth>
</size>
<segmented>0</segmented>
<object>
<name>yellow_duck</name>
<pose>Unspecified</pose>
<truncated>0</truncated>
<difficult>0</difficult>
<bndbox>
<xmin>205</xmin>
<ymin>334</ymin>
<xmax>304</xmax>
<ymax>505</ymax>
</bndbox>
</object>
<object>
<name>green_duck</name>
<pose>Unspecified</pose>
<truncated>0</truncated>
<difficult>0</difficult>
<bndbox>
<xmin>448</xmin>
<ymin>173</ymin>
<xmax>526</xmax>
<ymax>298</ymax>
</bndbox>
</object>
<object>
<name>green_frog</name>
<pose>Unspecified</pose>
<truncated>0</truncated>
<difficult>0</difficult>
<bndbox>
<xmin>422</xmin>
<ymin>502</ymin>
<xmax>519</xmax>
<ymax>694</ymax>
</bndbox>
</object>
</annotation>
