<?xml version="1.0" encoding="utf-8"?>
<annotation>
<folder>images</folder>
<filename>baf14a70-ucexportviewid1Ta3sBV7RBzKMoVUvCMxAd9tFSX4Dn0Da</filename>
<source>
<database>MyDatabase</database>
<annotation>COCO2017</annotation>
<image>flickr</image>
<flickrid>NULL</flickrid>
<annotator>1</annotator>
</source>
<owner>
<flickrid>NULL</flickrid>
<name>Label Studio</name>
</owner>
<size>
<width>768</width>
<height>768</height>
<depth>3</depth>
</size>
<segmented>0</segmented>
<object>
<name>green_duck</name>
<pose>Unspecified</pose>
<truncated>0</truncated>
<difficult>0</difficult>
<bndbox>
<xmin>102</xmin>
<ymin>348</ymin>
<xmax>227</xmax>
<ymax>492</ymax>
</bndbox>
</object>
<object>
<name>green_frog</name>
<pose>Unspecified</pose>
<truncated>0</truncated>
<difficult>0</difficult>
<bndbox>
<xmin>214</xmin>
<ymin>314</ymin>
<xmax>453</xmax>
<ymax>524</ymax>
</bndbox>
</object>
<object>
<name>yellow_duck</name>
<pose>Unspecified</pose>
<truncated>0</truncated>
<difficult>0</difficult>
<bndbox>
<xmin>504</xmin>
<ymin>449</ymin>
<xmax>712</xmax>
<ymax>649</ymax>
</bndbox>
</object>
</annotation>
