<?xml version="1.0" encoding="utf-8"?>
<annotation>
<folder>images</folder>
<filename>bb541ba6-ucexportviewid1eCquwnh9HZl86ytob3G665lni_v8dq9q</filename>
<source>
<database>MyDatabase</database>
<annotation>COCO2017</annotation>
<image>flickr</image>
<flickrid>NULL</flickrid>
<annotator>1</annotator>
</source>
<owner>
<flickrid>NULL</flickrid>
<name>Label Studio</name>
</owner>
<size>
<width>768</width>
<height>768</height>
<depth>3</depth>
</size>
<segmented>0</segmented>
<object>
<name>green_frog</name>
<pose>Unspecified</pose>
<truncated>0</truncated>
<difficult>0</difficult>
<bndbox>
<xmin>232</xmin>
<ymin>301</ymin>
<xmax>414</xmax>
<ymax>605</ymax>
</bndbox>
</object>
</annotation>
