<?xml version="1.0" encoding="utf-8"?>
<annotation>
<folder>images</folder>
<filename>bb64573e-ucexportviewid1RUxYc8mrUm1sX21ix2cSdSUZuJREWCHf</filename>
<source>
<database>MyDatabase</database>
<annotation>COCO2017</annotation>
<image>flickr</image>
<flickrid>NULL</flickrid>
<annotator>1</annotator>
</source>
<owner>
<flickrid>NULL</flickrid>
<name>Label Studio</name>
</owner>
<size>
<width>768</width>
<height>768</height>
<depth>3</depth>
</size>
<segmented>0</segmented>
<object>
<name>green_frog</name>
<pose>Unspecified</pose>
<truncated>0</truncated>
<difficult>0</difficult>
<bndbox>
<xmin>447</xmin>
<ymin>69</ymin>
<xmax>581</xmax>
<ymax>337</ymax>
</bndbox>
</object>
<object>
<name>green_duck</name>
<pose>Unspecified</pose>
<truncated>0</truncated>
<difficult>0</difficult>
<bndbox>
<xmin>346</xmin>
<ymin>354</ymin>
<xmax>429</xmax>
<ymax>519</ymax>
</bndbox>
</object>
<object>
<name>yellow_duck</name>
<pose>Unspecified</pose>
<truncated>0</truncated>
<difficult>0</difficult>
<bndbox>
<xmin>259</xmin>
<ymin>505</ymin>
<xmax>362</xmax>
<ymax>678</ymax>
</bndbox>
</object>
</annotation>
