<?xml version="1.0" encoding="utf-8"?>
<annotation>
<folder>images</folder>
<filename>bbf48e76-ucexportviewid1UnyknKKKnH18djZ_06SdZ2ZhrlycJPlt</filename>
<source>
<database>MyDatabase</database>
<annotation>COCO2017</annotation>
<image>flickr</image>
<flickrid>NULL</flickrid>
<annotator>1</annotator>
</source>
<owner>
<flickrid>NULL</flickrid>
<name>Label Studio</name>
</owner>
<size>
<width>768</width>
<height>768</height>
<depth>3</depth>
</size>
<segmented>0</segmented>
<object>
<name>green_frog</name>
<pose>Unspecified</pose>
<truncated>0</truncated>
<difficult>0</difficult>
<bndbox>
<xmin>263</xmin>
<ymin>169</ymin>
<xmax>432</xmax>
<ymax>516</ymax>
</bndbox>
</object>
</annotation>
