<?xml version="1.0" encoding="utf-8"?>
<annotation>
<folder>images</folder>
<filename>bebc5599-ucexportviewid1Lk6WEmnfShBtWX5VzJXJSVCceiuulw6U</filename>
<source>
<database>MyDatabase</database>
<annotation>COCO2017</annotation>
<image>flickr</image>
<flickrid>NULL</flickrid>
<annotator>1</annotator>
</source>
<owner>
<flickrid>NULL</flickrid>
<name>Label Studio</name>
</owner>
<size>
<width>768</width>
<height>768</height>
<depth>3</depth>
</size>
<segmented>0</segmented>
<object>
<name>green_frog</name>
<pose>Unspecified</pose>
<truncated>0</truncated>
<difficult>0</difficult>
<bndbox>
<xmin>253</xmin>
<ymin>489</ymin>
<xmax>336</xmax>
<ymax>663</ymax>
</bndbox>
</object>
<object>
<name>yellow_duck</name>
<pose>Unspecified</pose>
<truncated>0</truncated>
<difficult>0</difficult>
<bndbox>
<xmin>441</xmin>
<ymin>443</ymin>
<xmax>536</xmax>
<ymax>607</ymax>
</bndbox>
</object>
<object>
<name>green_duck</name>
<pose>Unspecified</pose>
<truncated>0</truncated>
<difficult>0</difficult>
<bndbox>
<xmin>369</xmin>
<ymin>173</ymin>
<xmax>442</xmax>
<ymax>307</ymax>
</bndbox>
</object>
</annotation>
