<?xml version="1.0" encoding="utf-8"?>
<annotation>
<folder>images</folder>
<filename>c5692be6-ucexportviewid1U3NYNIs1IA-GzEYZ1BH8yyzL6AYkGvcs</filename>
<source>
<database>MyDatabase</database>
<annotation>COCO2017</annotation>
<image>flickr</image>
<flickrid>NULL</flickrid>
<annotator>1</annotator>
</source>
<owner>
<flickrid>NULL</flickrid>
<name>Label Studio</name>
</owner>
<size>
<width>768</width>
<height>768</height>
<depth>3</depth>
</size>
<segmented>0</segmented>
<object>
<name>green_frog</name>
<pose>Unspecified</pose>
<truncated>0</truncated>
<difficult>0</difficult>
<bndbox>
<xmin>482</xmin>
<ymin>322</ymin>
<xmax>582</xmax>
<ymax>494</ymax>
</bndbox>
</object>
<object>
<name>yellow_duck</name>
<pose>Unspecified</pose>
<truncated>0</truncated>
<difficult>0</difficult>
<bndbox>
<xmin>250</xmin>
<ymin>347</ymin>
<xmax>342</xmax>
<ymax>505</ymax>
</bndbox>
</object>
<object>
<name>green_duck</name>
<pose>Unspecified</pose>
<truncated>0</truncated>
<difficult>0</difficult>
<bndbox>
<xmin>342</xmin>
<ymin>154</ymin>
<xmax>405</xmax>
<ymax>266</ymax>
</bndbox>
</object>
</annotation>
