<?xml version="1.0" encoding="utf-8"?>
<annotation>
<folder>images</folder>
<filename>c9e09dd4-ucexportviewid1knlDS4nAyWNtXZDKXN_n9l6i5ql6M1RU</filename>
<source>
<database>MyDatabase</database>
<annotation>COCO2017</annotation>
<image>flickr</image>
<flickrid>NULL</flickrid>
<annotator>1</annotator>
</source>
<owner>
<flickrid>NULL</flickrid>
<name>Label Studio</name>
</owner>
<size>
<width>768</width>
<height>768</height>
<depth>3</depth>
</size>
<segmented>0</segmented>
<object>
<name>yellow_duck</name>
<pose>Unspecified</pose>
<truncated>0</truncated>
<difficult>0</difficult>
<bndbox>
<xmin>247</xmin>
<ymin>197</ymin>
<xmax>456</xmax>
<ymax>497</ymax>
</bndbox>
</object>
</annotation>
