<?xml version="1.0" encoding="utf-8"?>
<annotation>
<folder>images</folder>
<filename>cae349d2-ucexportviewid1Ct9vlpgM6TlOtDr-XZGzkH4zTH1JPTSZ</filename>
<source>
<database>MyDatabase</database>
<annotation>COCO2017</annotation>
<image>flickr</image>
<flickrid>NULL</flickrid>
<annotator>1</annotator>
</source>
<owner>
<flickrid>NULL</flickrid>
<name>Label Studio</name>
</owner>
<size>
<width>768</width>
<height>768</height>
<depth>3</depth>
</size>
<segmented>0</segmented>
<object>
<name>green_frog</name>
<pose>Unspecified</pose>
<truncated>0</truncated>
<difficult>0</difficult>
<bndbox>
<xmin>409</xmin>
<ymin>207</ymin>
<xmax>619</xmax>
<ymax>474</ymax>
</bndbox>
</object>
</annotation>
