<?xml version="1.0" encoding="utf-8"?>
<annotation>
<folder>images</folder>
<filename>ce1f902f-ucexportviewid1ulNE2T0IlVwfAn8rCFvYRNJXJ7-IfDr1</filename>
<source>
<database>MyDatabase</database>
<annotation>COCO2017</annotation>
<image>flickr</image>
<flickrid>NULL</flickrid>
<annotator>1</annotator>
</source>
<owner>
<flickrid>NULL</flickrid>
<name>Label Studio</name>
</owner>
<size>
<width>768</width>
<height>768</height>
<depth>3</depth>
</size>
<segmented>0</segmented>
<object>
<name>green_frog</name>
<pose>Unspecified</pose>
<truncated>0</truncated>
<difficult>0</difficult>
<bndbox>
<xmin>311</xmin>
<ymin>233</ymin>
<xmax>539</xmax>
<ymax>579</ymax>
</bndbox>
</object>
</annotation>
