<?xml version="1.0" encoding="utf-8"?>
<annotation>
<folder>images</folder>
<filename>ce42a9f0-ucexportviewid15iBsxiMTb5aYeSS6P0ghsRLPc4Un2klJ</filename>
<source>
<database>MyDatabase</database>
<annotation>COCO2017</annotation>
<image>flickr</image>
<flickrid>NULL</flickrid>
<annotator>1</annotator>
</source>
<owner>
<flickrid>NULL</flickrid>
<name>Label Studio</name>
</owner>
<size>
<width>768</width>
<height>768</height>
<depth>3</depth>
</size>
<segmented>0</segmented>
<object>
<name>green_duck</name>
<pose>Unspecified</pose>
<truncated>0</truncated>
<difficult>0</difficult>
<bndbox>
<xmin>262</xmin>
<ymin>245</ymin>
<xmax>428</xmax>
<ymax>540</ymax>
</bndbox>
</object>
</annotation>
