<?xml version="1.0" encoding="utf-8"?>
<annotation>
<folder>images</folder>
<filename>d036f504-ucexportviewid1DpyA2D9lvRHPpOJT2PxDW9qRcODn-n9Q</filename>
<source>
<database>MyDatabase</database>
<annotation>COCO2017</annotation>
<image>flickr</image>
<flickrid>NULL</flickrid>
<annotator>1</annotator>
</source>
<owner>
<flickrid>NULL</flickrid>
<name>Label Studio</name>
</owner>
<size>
<width>768</width>
<height>768</height>
<depth>3</depth>
</size>
<segmented>0</segmented>
<object>
<name>green_duck</name>
<pose>Unspecified</pose>
<truncated>0</truncated>
<difficult>0</difficult>
<bndbox>
<xmin>305</xmin>
<ymin>484</ymin>
<xmax>425</xmax>
<ymax>596</ymax>
</bndbox>
</object>
<object>
<name>yellow_duck</name>
<pose>Unspecified</pose>
<truncated>0</truncated>
<difficult>0</difficult>
<bndbox>
<xmin>511</xmin>
<ymin>388</ymin>
<xmax>685</xmax>
<ymax>547</ymax>
</bndbox>
</object>
<object>
<name>green_frog</name>
<pose>Unspecified</pose>
<truncated>0</truncated>
<difficult>0</difficult>
<bndbox>
<xmin>268</xmin>
<ymin>70</ymin>
<xmax>451</xmax>
<ymax>260</ymax>
</bndbox>
</object>
</annotation>
