<?xml version="1.0" encoding="utf-8"?>
<annotation>
<folder>images</folder>
<filename>d145d995-ucexportviewid1Z4aFaD2PmMvQaIVXiYVbb9umN2_-X9tZ</filename>
<source>
<database>MyDatabase</database>
<annotation>COCO2017</annotation>
<image>flickr</image>
<flickrid>NULL</flickrid>
<annotator>1</annotator>
</source>
<owner>
<flickrid>NULL</flickrid>
<name>Label Studio</name>
</owner>
<size>
<width>768</width>
<height>768</height>
<depth>3</depth>
</size>
<segmented>0</segmented>
<object>
<name>green_duck</name>
<pose>Unspecified</pose>
<truncated>0</truncated>
<difficult>0</difficult>
<bndbox>
<xmin>454</xmin>
<ymin>394</ymin>
<xmax>539</xmax>
<ymax>541</ymax>
</bndbox>
</object>
<object>
<name>green_frog</name>
<pose>Unspecified</pose>
<truncated>0</truncated>
<difficult>0</difficult>
<bndbox>
<xmin>237</xmin>
<ymin>551</ymin>
<xmax>358</xmax>
<ymax>727</ymax>
</bndbox>
</object>
<object>
<name>yellow_duck</name>
<pose>Unspecified</pose>
<truncated>0</truncated>
<difficult>0</difficult>
<bndbox>
<xmin>319</xmin>
<ymin>101</ymin>
<xmax>413</xmax>
<ymax>270</ymax>
</bndbox>
</object>
</annotation>
