<?xml version="1.0" encoding="utf-8"?>
<annotation>
<folder>images</folder>
<filename>d2839e76-ucexportviewid17urZqW12H6kT_Vl3puEZVoWZ3NqbZj7T</filename>
<source>
<database>MyDatabase</database>
<annotation>COCO2017</annotation>
<image>flickr</image>
<flickrid>NULL</flickrid>
<annotator>1</annotator>
</source>
<owner>
<flickrid>NULL</flickrid>
<name>Label Studio</name>
</owner>
<size>
<width>768</width>
<height>768</height>
<depth>3</depth>
</size>
<segmented>0</segmented>
<object>
<name>yellow_duck</name>
<pose>Unspecified</pose>
<truncated>0</truncated>
<difficult>0</difficult>
<bndbox>
<xmin>283</xmin>
<ymin>427</ymin>
<xmax>415</xmax>
<ymax>644</ymax>
</bndbox>
</object>
<object>
<name>green_duck</name>
<pose>Unspecified</pose>
<truncated>0</truncated>
<difficult>0</difficult>
<bndbox>
<xmin>399</xmin>
<ymin>224</ymin>
<xmax>507</xmax>
<ymax>362</ymax>
</bndbox>
</object>
<object>
<name>green_frog</name>
<pose>Unspecified</pose>
<truncated>0</truncated>
<difficult>0</difficult>
<bndbox>
<xmin>191</xmin>
<ymin>131</ymin>
<xmax>283</xmax>
<ymax>269</ymax>
</bndbox>
</object>
</annotation>
