<?xml version="1.0" encoding="utf-8"?>
<annotation>
<folder>images</folder>
<filename>d3655143-ucexportviewid1UdxtAfkJzfPztOFiq3DXls5mxCaz3lQQ</filename>
<source>
<database>MyDatabase</database>
<annotation>COCO2017</annotation>
<image>flickr</image>
<flickrid>NULL</flickrid>
<annotator>1</annotator>
</source>
<owner>
<flickrid>NULL</flickrid>
<name>Label Studio</name>
</owner>
<size>
<width>768</width>
<height>768</height>
<depth>3</depth>
</size>
<segmented>0</segmented>
<object>
<name>green_frog</name>
<pose>Unspecified</pose>
<truncated>0</truncated>
<difficult>0</difficult>
<bndbox>
<xmin>18</xmin>
<ymin>232</ymin>
<xmax>219</xmax>
<ymax>503</ymax>
</bndbox>
</object>
<object>
<name>green_duck</name>
<pose>Unspecified</pose>
<truncated>0</truncated>
<difficult>0</difficult>
<bndbox>
<xmin>322</xmin>
<ymin>53</ymin>
<xmax>412</xmax>
<ymax>225</ymax>
</bndbox>
</object>
<object>
<name>yellow_duck</name>
<pose>Unspecified</pose>
<truncated>0</truncated>
<difficult>0</difficult>
<bndbox>
<xmin>552</xmin>
<ymin>258</ymin>
<xmax>742</xmax>
<ymax>551</ymax>
</bndbox>
</object>
</annotation>
