<?xml version="1.0" encoding="utf-8"?>
<annotation>
<folder>images</folder>
<filename>d53f6d89-ucexportviewid1st2AFrqkpUqSFeRksU5kMgqIMmiI9biv</filename>
<source>
<database>MyDatabase</database>
<annotation>COCO2017</annotation>
<image>flickr</image>
<flickrid>NULL</flickrid>
<annotator>1</annotator>
</source>
<owner>
<flickrid>NULL</flickrid>
<name>Label Studio</name>
</owner>
<size>
<width>768</width>
<height>768</height>
<depth>3</depth>
</size>
<segmented>0</segmented>
<object>
<name>yellow_duck</name>
<pose>Unspecified</pose>
<truncated>0</truncated>
<difficult>0</difficult>
<bndbox>
<xmin>368</xmin>
<ymin>360</ymin>
<xmax>530</xmax>
<ymax>622</ymax>
</bndbox>
</object>
</annotation>
