<?xml version="1.0" encoding="utf-8"?>
<annotation>
<folder>images</folder>
<filename>d78c2100-ucexportviewid1AAQXegsuc1eoPa-ol7DVMv-mrdDuTgRZ</filename>
<source>
<database>MyDatabase</database>
<annotation>COCO2017</annotation>
<image>flickr</image>
<flickrid>NULL</flickrid>
<annotator>1</annotator>
</source>
<owner>
<flickrid>NULL</flickrid>
<name>Label Studio</name>
</owner>
<size>
<width>768</width>
<height>768</height>
<depth>3</depth>
</size>
<segmented>0</segmented>
<object>
<name>green_frog</name>
<pose>Unspecified</pose>
<truncated>0</truncated>
<difficult>0</difficult>
<bndbox>
<xmin>123</xmin>
<ymin>141</ymin>
<xmax>279</xmax>
<ymax>399</ymax>
</bndbox>
</object>
<object>
<name>green_duck</name>
<pose>Unspecified</pose>
<truncated>0</truncated>
<difficult>0</difficult>
<bndbox>
<xmin>505</xmin>
<ymin>203</ymin>
<xmax>628</xmax>
<ymax>398</ymax>
</bndbox>
</object>
<object>
<name>yellow_duck</name>
<pose>Unspecified</pose>
<truncated>0</truncated>
<difficult>0</difficult>
<bndbox>
<xmin>347</xmin>
<ymin>43</ymin>
<xmax>451</xmax>
<ymax>205</ymax>
</bndbox>
</object>
</annotation>
