<?xml version="1.0" encoding="utf-8"?>
<annotation>
<folder>images</folder>
<filename>d80a593f-ucexportviewid1C2uuy0Tmxkg-v-JFhVQ7Y3WDFbG_slLo</filename>
<source>
<database>MyDatabase</database>
<annotation>COCO2017</annotation>
<image>flickr</image>
<flickrid>NULL</flickrid>
<annotator>1</annotator>
</source>
<owner>
<flickrid>NULL</flickrid>
<name>Label Studio</name>
</owner>
<size>
<width>768</width>
<height>768</height>
<depth>3</depth>
</size>
<segmented>0</segmented>
<object>
<name>green_duck</name>
<pose>Unspecified</pose>
<truncated>0</truncated>
<difficult>0</difficult>
<bndbox>
<xmin>223</xmin>
<ymin>232</ymin>
<xmax>402</xmax>
<ymax>531</ymax>
</bndbox>
</object>
</annotation>
