<?xml version="1.0" encoding="utf-8"?>
<annotation>
<folder>images</folder>
<filename>db3af1b9-ucexportviewid1rx1gKFNG-mivNzIdpjZtegVT6EzPAZLh</filename>
<source>
<database>MyDatabase</database>
<annotation>COCO2017</annotation>
<image>flickr</image>
<flickrid>NULL</flickrid>
<annotator>1</annotator>
</source>
<owner>
<flickrid>NULL</flickrid>
<name>Label Studio</name>
</owner>
<size>
<width>768</width>
<height>768</height>
<depth>3</depth>
</size>
<segmented>0</segmented>
<object>
<name>yellow_duck</name>
<pose>Unspecified</pose>
<truncated>0</truncated>
<difficult>0</difficult>
<bndbox>
<xmin>169</xmin>
<ymin>320</ymin>
<xmax>316</xmax>
<ymax>541</ymax>
</bndbox>
</object>
<object>
<name>green_frog</name>
<pose>Unspecified</pose>
<truncated>0</truncated>
<difficult>0</difficult>
<bndbox>
<xmin>410</xmin>
<ymin>243</ymin>
<xmax>526</xmax>
<ymax>427</ymax>
</bndbox>
</object>
<object>
<name>green_duck</name>
<pose>Unspecified</pose>
<truncated>0</truncated>
<difficult>0</difficult>
<bndbox>
<xmin>300</xmin>
<ymin>162</ymin>
<xmax>389</xmax>
<ymax>315</ymax>
</bndbox>
</object>
</annotation>
