<?xml version="1.0" encoding="utf-8"?>
<annotation>
<folder>images</folder>
<filename>dbeed907-ucexportviewid1RwXlF6jC6Mf3d2zUx8Tm9mx_rVudgSa1</filename>
<source>
<database>MyDatabase</database>
<annotation>COCO2017</annotation>
<image>flickr</image>
<flickrid>NULL</flickrid>
<annotator>1</annotator>
</source>
<owner>
<flickrid>NULL</flickrid>
<name>Label Studio</name>
</owner>
<size>
<width>768</width>
<height>768</height>
<depth>3</depth>
</size>
<segmented>0</segmented>
<object>
<name>green_duck</name>
<pose>Unspecified</pose>
<truncated>0</truncated>
<difficult>0</difficult>
<bndbox>
<xmin>316</xmin>
<ymin>173</ymin>
<xmax>467</xmax>
<ymax>347</ymax>
</bndbox>
</object>
</annotation>
