<?xml version="1.0" encoding="utf-8"?>
<annotation>
<folder>images</folder>
<filename>dcad75e1-ucexportviewid1An1RYMPBYfz9EpTduRipZMgOUPs-NG7S</filename>
<source>
<database>MyDatabase</database>
<annotation>COCO2017</annotation>
<image>flickr</image>
<flickrid>NULL</flickrid>
<annotator>1</annotator>
</source>
<owner>
<flickrid>NULL</flickrid>
<name>Label Studio</name>
</owner>
<size>
<width>768</width>
<height>768</height>
<depth>3</depth>
</size>
<segmented>0</segmented>
<object>
<name>green_frog</name>
<pose>Unspecified</pose>
<truncated>0</truncated>
<difficult>0</difficult>
<bndbox>
<xmin>438</xmin>
<ymin>395</ymin>
<xmax>523</xmax>
<ymax>570</ymax>
</bndbox>
</object>
<object>
<name>yellow_duck</name>
<pose>Unspecified</pose>
<truncated>0</truncated>
<difficult>0</difficult>
<bndbox>
<xmin>330</xmin>
<ymin>204</ymin>
<xmax>407</xmax>
<ymax>348</ymax>
</bndbox>
</object>
<object>
<name>green_duck</name>
<pose>Unspecified</pose>
<truncated>0</truncated>
<difficult>0</difficult>
<bndbox>
<xmin>216</xmin>
<ymin>252</ymin>
<xmax>283</xmax>
<ymax>377</ymax>
</bndbox>
</object>
</annotation>
