<?xml version="1.0" encoding="utf-8"?>
<annotation>
<folder>images</folder>
<filename>e1a998cd-ucexportviewid1hwtbp1ACLYuEttBz2lvj4ETgZn_UJ1B3</filename>
<source>
<database>MyDatabase</database>
<annotation>COCO2017</annotation>
<image>flickr</image>
<flickrid>NULL</flickrid>
<annotator>1</annotator>
</source>
<owner>
<flickrid>NULL</flickrid>
<name>Label Studio</name>
</owner>
<size>
<width>768</width>
<height>768</height>
<depth>3</depth>
</size>
<segmented>0</segmented>
<object>
<name>yellow_duck</name>
<pose>Unspecified</pose>
<truncated>0</truncated>
<difficult>0</difficult>
<bndbox>
<xmin>229</xmin>
<ymin>110</ymin>
<xmax>397</xmax>
<ymax>370</ymax>
</bndbox>
</object>
<object>
<name>green_duck</name>
<pose>Unspecified</pose>
<truncated>0</truncated>
<difficult>0</difficult>
<bndbox>
<xmin>484</xmin>
<ymin>478</ymin>
<xmax>574</xmax>
<ymax>654</ymax>
</bndbox>
</object>
<object>
<name>green_frog</name>
<pose>Unspecified</pose>
<truncated>0</truncated>
<difficult>0</difficult>
<bndbox>
<xmin>277</xmin>
<ymin>435</ymin>
<xmax>393</xmax>
<ymax>645</ymax>
</bndbox>
</object>
</annotation>
