<?xml version="1.0" encoding="utf-8"?>
<annotation>
<folder>images</folder>
<filename>e1c927c9-ucexportviewid1xfO3KQmMLv2k-KiGRt1ngVXVC3Q_c5wb</filename>
<source>
<database>MyDatabase</database>
<annotation>COCO2017</annotation>
<image>flickr</image>
<flickrid>NULL</flickrid>
<annotator>1</annotator>
</source>
<owner>
<flickrid>NULL</flickrid>
<name>Label Studio</name>
</owner>
<size>
<width>768</width>
<height>768</height>
<depth>3</depth>
</size>
<segmented>0</segmented>
<object>
<name>green_frog</name>
<pose>Unspecified</pose>
<truncated>0</truncated>
<difficult>0</difficult>
<bndbox>
<xmin>326</xmin>
<ymin>125</ymin>
<xmax>531</xmax>
<ymax>455</ymax>
</bndbox>
</object>
</annotation>
