<?xml version="1.0" encoding="utf-8"?>
<annotation>
<folder>images</folder>
<filename>e9fb99f2-ucexportviewid11OC7djNW2ie2lRfkkRgWyVV8NtTpNUIp</filename>
<source>
<database>MyDatabase</database>
<annotation>COCO2017</annotation>
<image>flickr</image>
<flickrid>NULL</flickrid>
<annotator>1</annotator>
</source>
<owner>
<flickrid>NULL</flickrid>
<name>Label Studio</name>
</owner>
<size>
<width>768</width>
<height>768</height>
<depth>3</depth>
</size>
<segmented>0</segmented>
<object>
<name>yellow_duck</name>
<pose>Unspecified</pose>
<truncated>0</truncated>
<difficult>0</difficult>
<bndbox>
<xmin>258</xmin>
<ymin>234</ymin>
<xmax>479</xmax>
<ymax>581</ymax>
</bndbox>
</object>
</annotation>
