<?xml version="1.0" encoding="utf-8"?>
<annotation>
<folder>images</folder>
<filename>eca1e76b-ucexportviewid1vO3IX8b6DrOcKCl8p7xc6ZIzFUlRql_B</filename>
<source>
<database>MyDatabase</database>
<annotation>COCO2017</annotation>
<image>flickr</image>
<flickrid>NULL</flickrid>
<annotator>1</annotator>
</source>
<owner>
<flickrid>NULL</flickrid>
<name>Label Studio</name>
</owner>
<size>
<width>768</width>
<height>768</height>
<depth>3</depth>
</size>
<segmented>0</segmented>
<object>
<name>green_duck</name>
<pose>Unspecified</pose>
<truncated>0</truncated>
<difficult>0</difficult>
<bndbox>
<xmin>279</xmin>
<ymin>505</ymin>
<xmax>419</xmax>
<ymax>639</ymax>
</bndbox>
</object>
<object>
<name>green_frog</name>
<pose>Unspecified</pose>
<truncated>0</truncated>
<difficult>0</difficult>
<bndbox>
<xmin>419</xmin>
<ymin>315</ymin>
<xmax>592</xmax>
<ymax>502</ymax>
</bndbox>
</object>
<object>
<name>yellow_duck</name>
<pose>Unspecified</pose>
<truncated>0</truncated>
<difficult>0</difficult>
<bndbox>
<xmin>320</xmin>
<ymin>28</ymin>
<xmax>536</xmax>
<ymax>273</ymax>
</bndbox>
</object>
</annotation>
