<?xml version="1.0" encoding="utf-8"?>
<annotation>
<folder>images</folder>
<filename>f0195986-ucexportviewid1xWXtVXX18Z41pBfIOC21ieBM6Jqsw7o-</filename>
<source>
<database>MyDatabase</database>
<annotation>COCO2017</annotation>
<image>flickr</image>
<flickrid>NULL</flickrid>
<annotator>1</annotator>
</source>
<owner>
<flickrid>NULL</flickrid>
<name>Label Studio</name>
</owner>
<size>
<width>768</width>
<height>768</height>
<depth>3</depth>
</size>
<segmented>0</segmented>
<object>
<name>green_duck</name>
<pose>Unspecified</pose>
<truncated>0</truncated>
<difficult>0</difficult>
<bndbox>
<xmin>294</xmin>
<ymin>202</ymin>
<xmax>444</xmax>
<ymax>487</ymax>
</bndbox>
</object>
</annotation>
