<?xml version="1.0" encoding="utf-8"?>
<annotation>
<folder>images</folder>
<filename>f10b5c44-ucexportviewid1_w3nD-N2Xk7dM85qNHt4pvQGiqHxyfrh</filename>
<source>
<database>MyDatabase</database>
<annotation>COCO2017</annotation>
<image>flickr</image>
<flickrid>NULL</flickrid>
<annotator>1</annotator>
</source>
<owner>
<flickrid>NULL</flickrid>
<name>Label Studio</name>
</owner>
<size>
<width>768</width>
<height>768</height>
<depth>3</depth>
</size>
<segmented>0</segmented>
<object>
<name>green_frog</name>
<pose>Unspecified</pose>
<truncated>0</truncated>
<difficult>0</difficult>
<bndbox>
<xmin>363</xmin>
<ymin>225</ymin>
<xmax>448</xmax>
<ymax>372</ymax>
</bndbox>
</object>
<object>
<name>green_duck</name>
<pose>Unspecified</pose>
<truncated>0</truncated>
<difficult>0</difficult>
<bndbox>
<xmin>185</xmin>
<ymin>152</ymin>
<xmax>257</xmax>
<ymax>270</ymax>
</bndbox>
</object>
<object>
<name>yellow_duck</name>
<pose>Unspecified</pose>
<truncated>0</truncated>
<difficult>0</difficult>
<bndbox>
<xmin>115</xmin>
<ymin>482</ymin>
<xmax>229</xmax>
<ymax>672</ymax>
</bndbox>
</object>
</annotation>
