<?xml version="1.0" encoding="utf-8"?>
<annotation>
<folder>images</folder>
<filename>f1c7906a-ucexportviewid1k4-l9j7sE9T8GvWh8m9sLZQm4H9MqNDZ</filename>
<source>
<database>MyDatabase</database>
<annotation>COCO2017</annotation>
<image>flickr</image>
<flickrid>NULL</flickrid>
<annotator>1</annotator>
</source>
<owner>
<flickrid>NULL</flickrid>
<name>Label Studio</name>
</owner>
<size>
<width>768</width>
<height>768</height>
<depth>3</depth>
</size>
<segmented>0</segmented>
<object>
<name>yellow_duck</name>
<pose>Unspecified</pose>
<truncated>0</truncated>
<difficult>0</difficult>
<bndbox>
<xmin>431</xmin>
<ymin>235</ymin>
<xmax>595</xmax>
<ymax>502</ymax>
</bndbox>
</object>
</annotation>
