<?xml version="1.0" encoding="utf-8"?>
<annotation>
<folder>images</folder>
<filename>f442b261-ucexportviewid1n9ronM5iezGF7RgumbeWVWHa5C4WnxLb</filename>
<source>
<database>MyDatabase</database>
<annotation>COCO2017</annotation>
<image>flickr</image>
<flickrid>NULL</flickrid>
<annotator>1</annotator>
</source>
<owner>
<flickrid>NULL</flickrid>
<name>Label Studio</name>
</owner>
<size>
<width>768</width>
<height>768</height>
<depth>3</depth>
</size>
<segmented>0</segmented>
<object>
<name>yellow_duck</name>
<pose>Unspecified</pose>
<truncated>0</truncated>
<difficult>0</difficult>
<bndbox>
<xmin>174</xmin>
<ymin>241</ymin>
<xmax>360</xmax>
<ymax>513</ymax>
</bndbox>
</object>
</annotation>
