<?xml version="1.0" encoding="utf-8"?>
<annotation>
<folder>images</folder>
<filename>f87dc55b-ucexportviewid1RmnPxqVM2AjGehLbFWvi3X6xwyLYp179</filename>
<source>
<database>MyDatabase</database>
<annotation>COCO2017</annotation>
<image>flickr</image>
<flickrid>NULL</flickrid>
<annotator>1</annotator>
</source>
<owner>
<flickrid>NULL</flickrid>
<name>Label Studio</name>
</owner>
<size>
<width>768</width>
<height>768</height>
<depth>3</depth>
</size>
<segmented>0</segmented>
<object>
<name>green_frog</name>
<pose>Unspecified</pose>
<truncated>0</truncated>
<difficult>0</difficult>
<bndbox>
<xmin>466</xmin>
<ymin>314</ymin>
<xmax>534</xmax>
<ymax>455</ymax>
</bndbox>
</object>
<object>
<name>yellow_duck</name>
<pose>Unspecified</pose>
<truncated>0</truncated>
<difficult>0</difficult>
<bndbox>
<xmin>319</xmin>
<ymin>289</ymin>
<xmax>404</xmax>
<ymax>433</ymax>
</bndbox>
</object>
<object>
<name>green_duck</name>
<pose>Unspecified</pose>
<truncated>0</truncated>
<difficult>0</difficult>
<bndbox>
<xmin>306</xmin>
<ymin>495</ymin>
<xmax>367</xmax>
<ymax>594</ymax>
</bndbox>
</object>
</annotation>
