<?xml version="1.0" encoding="utf-8"?>
<annotation>
<folder>images</folder>
<filename>fca56ee6-ucexportviewid1kJ8v0PZ5Z35qwB3SCe2NZxFeghn__oz6</filename>
<source>
<database>MyDatabase</database>
<annotation>COCO2017</annotation>
<image>flickr</image>
<flickrid>NULL</flickrid>
<annotator>1</annotator>
</source>
<owner>
<flickrid>NULL</flickrid>
<name>Label Studio</name>
</owner>
<size>
<width>768</width>
<height>768</height>
<depth>3</depth>
</size>
<segmented>0</segmented>
<object>
<name>green_frog</name>
<pose>Unspecified</pose>
<truncated>0</truncated>
<difficult>0</difficult>
<bndbox>
<xmin>345</xmin>
<ymin>271</ymin>
<xmax>522</xmax>
<ymax>533</ymax>
</bndbox>
</object>
</annotation>
