<?xml version="1.0" encoding="utf-8"?>
<annotation>
<folder>images</folder>
<filename>fe1ea80c-ucexportviewid1nDZWh9WsZ6XVY20CszL4r_-cSUwQYlNi</filename>
<source>
<database>MyDatabase</database>
<annotation>COCO2017</annotation>
<image>flickr</image>
<flickrid>NULL</flickrid>
<annotator>1</annotator>
</source>
<owner>
<flickrid>NULL</flickrid>
<name>Label Studio</name>
</owner>
<size>
<width>768</width>
<height>768</height>
<depth>3</depth>
</size>
<segmented>0</segmented>
<object>
<name>green_frog</name>
<pose>Unspecified</pose>
<truncated>0</truncated>
<difficult>0</difficult>
<bndbox>
<xmin>435</xmin>
<ymin>294</ymin>
<xmax>636</xmax>
<ymax>595</ymax>
</bndbox>
</object>
<object>
<name>green_duck</name>
<pose>Unspecified</pose>
<truncated>0</truncated>
<difficult>0</difficult>
<bndbox>
<xmin>119</xmin>
<ymin>343</ymin>
<xmax>244</xmax>
<ymax>506</ymax>
</bndbox>
</object>
<object>
<name>yellow_duck</name>
<pose>Unspecified</pose>
<truncated>0</truncated>
<difficult>0</difficult>
<bndbox>
<xmin>249</xmin>
<ymin>93</ymin>
<xmax>378</xmax>
<ymax>325</ymax>
</bndbox>
</object>
</annotation>
