<?xml version="1.0" encoding="utf-8"?>
<annotation>
<folder>images</folder>
<filename>ff4eeb0b-ucexportviewid1LGv32nrdC6_IdhBiBD562ItmAk2W8YQV</filename>
<source>
<database>MyDatabase</database>
<annotation>COCO2017</annotation>
<image>flickr</image>
<flickrid>NULL</flickrid>
<annotator>1</annotator>
</source>
<owner>
<flickrid>NULL</flickrid>
<name>Label Studio</name>
</owner>
<size>
<width>768</width>
<height>768</height>
<depth>3</depth>
</size>
<segmented>0</segmented>
<object>
<name>green_frog</name>
<pose>Unspecified</pose>
<truncated>0</truncated>
<difficult>0</difficult>
<bndbox>
<xmin>540</xmin>
<ymin>312</ymin>
<xmax>642</xmax>
<ymax>466</ymax>
</bndbox>
</object>
<object>
<name>green_duck</name>
<pose>Unspecified</pose>
<truncated>0</truncated>
<difficult>0</difficult>
<bndbox>
<xmin>398</xmin>
<ymin>278</ymin>
<xmax>472</xmax>
<ymax>418</ymax>
</bndbox>
</object>
<object>
<name>yellow_duck</name>
<pose>Unspecified</pose>
<truncated>0</truncated>
<difficult>0</difficult>
<bndbox>
<xmin>221</xmin>
<ymin>269</ymin>
<xmax>322</xmax>
<ymax>446</ymax>
</bndbox>
</object>
</annotation>
