<?xml version="1.0" encoding="utf-8"?>
<annotation>
<folder>images</folder>
<filename>046224d4-ucexportviewid1B5GhsjXqf3PLlOp6N_o7AT35yVLzHCn1</filename>
<source>
<database>MyDatabase</database>
<annotation>COCO2017</annotation>
<image>flickr</image>
<flickrid>NULL</flickrid>
<annotator>1</annotator>
</source>
<owner>
<flickrid>NULL</flickrid>
<name>Label Studio</name>
</owner>
<size>
<width>896</width>
<height>896</height>
<depth>3</depth>
</size>
<segmented>0</segmented>
<object>
<name>pink_duck</name>
<pose>Unspecified</pose>
<truncated>0</truncated>
<difficult>0</difficult>
<bndbox>
<xmin>160</xmin>
<ymin>412</ymin>
<xmax>289</xmax>
<ymax>645</ymax>
</bndbox>
</object>
<object>
<name>yellow_duck</name>
<pose>Unspecified</pose>
<truncated>0</truncated>
<difficult>0</difficult>
<bndbox>
<xmin>353</xmin>
<ymin>304</ymin>
<xmax>477</xmax>
<ymax>525</ymax>
</bndbox>
</object>
<object>
<name>blue_duck</name>
<pose>Unspecified</pose>
<truncated>0</truncated>
<difficult>0</difficult>
<bndbox>
<xmin>587</xmin>
<ymin>212</ymin>
<xmax>714</xmax>
<ymax>475</ymax>
</bndbox>
</object>
</annotation>
