<?xml version="1.0" encoding="utf-8"?>
<annotation>
<folder>images</folder>
<filename>0482ff6a-ucexportviewid1KyIsjTQRoRQxIGuzeJRIIrFDK4kvQHQW</filename>
<source>
<database>MyDatabase</database>
<annotation>COCO2017</annotation>
<image>flickr</image>
<flickrid>NULL</flickrid>
<annotator>1</annotator>
</source>
<owner>
<flickrid>NULL</flickrid>
<name>Label Studio</name>
</owner>
<size>
<width>896</width>
<height>896</height>
<depth>3</depth>
</size>
<segmented>0</segmented>
<object>
<name>yellow_duck</name>
<pose>Unspecified</pose>
<truncated>0</truncated>
<difficult>0</difficult>
<bndbox>
<xmin>342</xmin>
<ymin>623</ymin>
<xmax>461</xmax>
<ymax>791</ymax>
</bndbox>
</object>
<object>
<name>blue_duck</name>
<pose>Unspecified</pose>
<truncated>0</truncated>
<difficult>0</difficult>
<bndbox>
<xmin>556</xmin>
<ymin>372</ymin>
<xmax>665</xmax>
<ymax>516</ymax>
</bndbox>
</object>
<object>
<name>pink_duck</name>
<pose>Unspecified</pose>
<truncated>0</truncated>
<difficult>0</difficult>
<bndbox>
<xmin>331</xmin>
<ymin>165</ymin>
<xmax>469</xmax>
<ymax>305</ymax>
</bndbox>
</object>
</annotation>
