<?xml version="1.0" encoding="utf-8"?>
<annotation>
<folder>images</folder>
<filename>06e7d9c8-ucexportviewid1ROD7QNzz4g-e5SOuayICHwN2FV_QBvB_</filename>
<source>
<database>MyDatabase</database>
<annotation>COCO2017</annotation>
<image>flickr</image>
<flickrid>NULL</flickrid>
<annotator>1</annotator>
</source>
<owner>
<flickrid>NULL</flickrid>
<name>Label Studio</name>
</owner>
<size>
<width>896</width>
<height>896</height>
<depth>3</depth>
</size>
<segmented>0</segmented>
<object>
<name>pink_duck</name>
<pose>Unspecified</pose>
<truncated>0</truncated>
<difficult>0</difficult>
<bndbox>
<xmin>273</xmin>
<ymin>198</ymin>
<xmax>469</xmax>
<ymax>499</ymax>
</bndbox>
</object>
</annotation>
