<?xml version="1.0" encoding="utf-8"?>
<annotation>
<folder>images</folder>
<filename>0bca9b06-ucexportviewid1N7mJFKEcLZdumY4dJiq5wh_W8VRBD5eW</filename>
<source>
<database>MyDatabase</database>
<annotation>COCO2017</annotation>
<image>flickr</image>
<flickrid>NULL</flickrid>
<annotator>1</annotator>
</source>
<owner>
<flickrid>NULL</flickrid>
<name>Label Studio</name>
</owner>
<size>
<width>896</width>
<height>896</height>
<depth>3</depth>
</size>
<segmented>0</segmented>
<object>
<name>yellow_duck</name>
<pose>Unspecified</pose>
<truncated>0</truncated>
<difficult>0</difficult>
<bndbox>
<xmin>237</xmin>
<ymin>169</ymin>
<xmax>390</xmax>
<ymax>366</ymax>
</bndbox>
</object>
<object>
<name>blue_duck</name>
<pose>Unspecified</pose>
<truncated>0</truncated>
<difficult>0</difficult>
<bndbox>
<xmin>519</xmin>
<ymin>550</ymin>
<xmax>637</xmax>
<ymax>705</ymax>
</bndbox>
</object>
<object>
<name>pink_duck</name>
<pose>Unspecified</pose>
<truncated>0</truncated>
<difficult>0</difficult>
<bndbox>
<xmin>215</xmin>
<ymin>559</ymin>
<xmax>343</xmax>
<ymax>735</ymax>
</bndbox>
</object>
</annotation>
