<?xml version="1.0" encoding="utf-8"?>
<annotation>
<folder>images</folder>
<filename>0bfe5c9c-ucexportviewid1EtIosB2IjoNXnVCa8ym8rcCyVqgbkdVN</filename>
<source>
<database>MyDatabase</database>
<annotation>COCO2017</annotation>
<image>flickr</image>
<flickrid>NULL</flickrid>
<annotator>1</annotator>
</source>
<owner>
<flickrid>NULL</flickrid>
<name>Label Studio</name>
</owner>
<size>
<width>896</width>
<height>896</height>
<depth>3</depth>
</size>
<segmented>0</segmented>
<object>
<name>pink_duck</name>
<pose>Unspecified</pose>
<truncated>0</truncated>
<difficult>0</difficult>
<bndbox>
<xmin>248</xmin>
<ymin>432</ymin>
<xmax>357</xmax>
<ymax>577</ymax>
</bndbox>
</object>
<object>
<name>blue_duck</name>
<pose>Unspecified</pose>
<truncated>0</truncated>
<difficult>0</difficult>
<bndbox>
<xmin>392</xmin>
<ymin>369</ymin>
<xmax>504</xmax>
<ymax>519</ymax>
</bndbox>
</object>
<object>
<name>yellow_duck</name>
<pose>Unspecified</pose>
<truncated>0</truncated>
<difficult>0</difficult>
<bndbox>
<xmin>548</xmin>
<ymin>277</ymin>
<xmax>668</xmax>
<ymax>431</ymax>
</bndbox>
</object>
</annotation>
