<?xml version="1.0" encoding="utf-8"?>
<annotation>
<folder>images</folder>
<filename>0c585f22-ucexportviewid10MIcic4IIG0OJQYx23JNONq7g-dQw-N3</filename>
<source>
<database>MyDatabase</database>
<annotation>COCO2017</annotation>
<image>flickr</image>
<flickrid>NULL</flickrid>
<annotator>1</annotator>
</source>
<owner>
<flickrid>NULL</flickrid>
<name>Label Studio</name>
</owner>
<size>
<width>896</width>
<height>896</height>
<depth>3</depth>
</size>
<segmented>0</segmented>
<object>
<name>yellow_duck</name>
<pose>Unspecified</pose>
<truncated>0</truncated>
<difficult>0</difficult>
<bndbox>
<xmin>353</xmin>
<ymin>295</ymin>
<xmax>502</xmax>
<ymax>509</ymax>
</bndbox>
</object>
</annotation>
