<?xml version="1.0" encoding="utf-8"?>
<annotation>
<folder>images</folder>
<filename>109aeed1-ucexportviewid1S7JwSylvB89VC8t_2ZIQU_3GY4NHw741</filename>
<source>
<database>MyDatabase</database>
<annotation>COCO2017</annotation>
<image>flickr</image>
<flickrid>NULL</flickrid>
<annotator>1</annotator>
</source>
<owner>
<flickrid>NULL</flickrid>
<name>Label Studio</name>
</owner>
<size>
<width>896</width>
<height>896</height>
<depth>3</depth>
</size>
<segmented>0</segmented>
<object>
<name>blue_duck</name>
<pose>Unspecified</pose>
<truncated>0</truncated>
<difficult>0</difficult>
<bndbox>
<xmin>316</xmin>
<ymin>413</ymin>
<xmax>494</xmax>
<ymax>707</ymax>
</bndbox>
</object>
</annotation>
