<?xml version="1.0" encoding="utf-8"?>
<annotation>
<folder>images</folder>
<filename>142991a9-ucexportviewid1fT1WZkMWaKKr5jXMOe7dS3sh6Nu2LJXg</filename>
<source>
<database>MyDatabase</database>
<annotation>COCO2017</annotation>
<image>flickr</image>
<flickrid>NULL</flickrid>
<annotator>1</annotator>
</source>
<owner>
<flickrid>NULL</flickrid>
<name>Label Studio</name>
</owner>
<size>
<width>896</width>
<height>896</height>
<depth>3</depth>
</size>
<segmented>0</segmented>
<object>
<name>blue_duck</name>
<pose>Unspecified</pose>
<truncated>0</truncated>
<difficult>0</difficult>
<bndbox>
<xmin>385</xmin>
<ymin>329</ymin>
<xmax>579</xmax>
<ymax>574</ymax>
</bndbox>
</object>
</annotation>
