<?xml version="1.0" encoding="utf-8"?>
<annotation>
<folder>images</folder>
<filename>144ff4f5-ucexportviewid1-5jFPt0tPUGnxpWlJSN1Eq1sXnK6UyLj</filename>
<source>
<database>MyDatabase</database>
<annotation>COCO2017</annotation>
<image>flickr</image>
<flickrid>NULL</flickrid>
<annotator>1</annotator>
</source>
<owner>
<flickrid>NULL</flickrid>
<name>Label Studio</name>
</owner>
<size>
<width>896</width>
<height>896</height>
<depth>3</depth>
</size>
<segmented>0</segmented>
<object>
<name>pink_duck</name>
<pose>Unspecified</pose>
<truncated>0</truncated>
<difficult>0</difficult>
<bndbox>
<xmin>162</xmin>
<ymin>341</ymin>
<xmax>288</xmax>
<ymax>501</ymax>
</bndbox>
</object>
<object>
<name>blue_duck</name>
<pose>Unspecified</pose>
<truncated>0</truncated>
<difficult>0</difficult>
<bndbox>
<xmin>336</xmin>
<ymin>488</ymin>
<xmax>442</xmax>
<ymax>626</ymax>
</bndbox>
</object>
<object>
<name>yellow_duck</name>
<pose>Unspecified</pose>
<truncated>0</truncated>
<difficult>0</difficult>
<bndbox>
<xmin>605</xmin>
<ymin>450</ymin>
<xmax>772</xmax>
<ymax>659</ymax>
</bndbox>
</object>
</annotation>
