<?xml version="1.0" encoding="utf-8"?>
<annotation>
<folder>images</folder>
<filename>148ba476-ucexportviewid1U0sxgf_8w1Vj7TAPQKtjeK2-O3Umoh7Q</filename>
<source>
<database>MyDatabase</database>
<annotation>COCO2017</annotation>
<image>flickr</image>
<flickrid>NULL</flickrid>
<annotator>1</annotator>
</source>
<owner>
<flickrid>NULL</flickrid>
<name>Label Studio</name>
</owner>
<size>
<width>896</width>
<height>896</height>
<depth>3</depth>
</size>
<segmented>0</segmented>
<object>
<name>pink_duck</name>
<pose>Unspecified</pose>
<truncated>0</truncated>
<difficult>0</difficult>
<bndbox>
<xmin>107</xmin>
<ymin>363</ymin>
<xmax>376</xmax>
<ymax>771</ymax>
</bndbox>
</object>
<object>
<name>blue_duck</name>
<pose>Unspecified</pose>
<truncated>0</truncated>
<difficult>0</difficult>
<bndbox>
<xmin>628</xmin>
<ymin>113</ymin>
<xmax>783</xmax>
<ymax>331</ymax>
</bndbox>
</object>
<object>
<name>yellow_duck</name>
<pose>Unspecified</pose>
<truncated>0</truncated>
<difficult>0</difficult>
<bndbox>
<xmin>268</xmin>
<ymin>71</ymin>
<xmax>449</xmax>
<ymax>317</ymax>
</bndbox>
</object>
</annotation>
