<?xml version="1.0" encoding="utf-8"?>
<annotation>
<folder>images</folder>
<filename>1aee7ef5-ucexportviewid1PYgUt3I4fJIKwmKeekq2DFd5B6r2dsSz</filename>
<source>
<database>MyDatabase</database>
<annotation>COCO2017</annotation>
<image>flickr</image>
<flickrid>NULL</flickrid>
<annotator>1</annotator>
</source>
<owner>
<flickrid>NULL</flickrid>
<name>Label Studio</name>
</owner>
<size>
<width>896</width>
<height>896</height>
<depth>3</depth>
</size>
<segmented>0</segmented>
<object>
<name>pink_duck</name>
<pose>Unspecified</pose>
<truncated>0</truncated>
<difficult>0</difficult>
<bndbox>
<xmin>427</xmin>
<ymin>444</ymin>
<xmax>539</xmax>
<ymax>658</ymax>
</bndbox>
</object>
<object>
<name>yellow_duck</name>
<pose>Unspecified</pose>
<truncated>0</truncated>
<difficult>0</difficult>
<bndbox>
<xmin>287</xmin>
<ymin>149</ymin>
<xmax>376</xmax>
<ymax>327</ymax>
</bndbox>
</object>
<object>
<name>blue_duck</name>
<pose>Unspecified</pose>
<truncated>0</truncated>
<difficult>0</difficult>
<bndbox>
<xmin>560</xmin>
<ymin>166</ymin>
<xmax>652</xmax>
<ymax>335</ymax>
</bndbox>
</object>
</annotation>
