<?xml version="1.0" encoding="utf-8"?>
<annotation>
<folder>images</folder>
<filename>216261ee-ucexportviewid1C5RsAdYgFi6ExpN_fCHy1BRFMuOmS0hS</filename>
<source>
<database>MyDatabase</database>
<annotation>COCO2017</annotation>
<image>flickr</image>
<flickrid>NULL</flickrid>
<annotator>1</annotator>
</source>
<owner>
<flickrid>NULL</flickrid>
<name>Label Studio</name>
</owner>
<size>
<width>896</width>
<height>896</height>
<depth>3</depth>
</size>
<segmented>0</segmented>
<object>
<name>pink_duck</name>
<pose>Unspecified</pose>
<truncated>0</truncated>
<difficult>0</difficult>
<bndbox>
<xmin>452</xmin>
<ymin>322</ymin>
<xmax>602</xmax>
<ymax>544</ymax>
</bndbox>
</object>
<object>
<name>yellow_duck</name>
<pose>Unspecified</pose>
<truncated>0</truncated>
<difficult>0</difficult>
<bndbox>
<xmin>205</xmin>
<ymin>177</ymin>
<xmax>325</xmax>
<ymax>366</ymax>
</bndbox>
</object>
<object>
<name>blue_duck</name>
<pose>Unspecified</pose>
<truncated>0</truncated>
<difficult>0</difficult>
<bndbox>
<xmin>340</xmin>
<ymin>567</ymin>
<xmax>454</xmax>
<ymax>757</ymax>
</bndbox>
</object>
</annotation>
