<?xml version="1.0" encoding="utf-8"?>
<annotation>
<folder>images</folder>
<filename>27a4c99e-ucexportviewid12t_hU0C6JRso0KEiGN5fLdAn7JOF4ygY</filename>
<source>
<database>MyDatabase</database>
<annotation>COCO2017</annotation>
<image>flickr</image>
<flickrid>NULL</flickrid>
<annotator>1</annotator>
</source>
<owner>
<flickrid>NULL</flickrid>
<name>Label Studio</name>
</owner>
<size>
<width>896</width>
<height>896</height>
<depth>3</depth>
</size>
<segmented>0</segmented>
<object>
<name>blue_duck</name>
<pose>Unspecified</pose>
<truncated>0</truncated>
<difficult>0</difficult>
<bndbox>
<xmin>173</xmin>
<ymin>218</ymin>
<xmax>335</xmax>
<ymax>436</ymax>
</bndbox>
</object>
<object>
<name>pink_duck</name>
<pose>Unspecified</pose>
<truncated>0</truncated>
<difficult>0</difficult>
<bndbox>
<xmin>284</xmin>
<ymin>346</ymin>
<xmax>480</xmax>
<ymax>616</ymax>
</bndbox>
</object>
<object>
<name>yellow_duck</name>
<pose>Unspecified</pose>
<truncated>0</truncated>
<difficult>0</difficult>
<bndbox>
<xmin>513</xmin>
<ymin>434</ymin>
<xmax>691</xmax>
<ymax>650</ymax>
</bndbox>
</object>
</annotation>
