<?xml version="1.0" encoding="utf-8"?>
<annotation>
<folder>images</folder>
<filename>293a4001-ucexportviewid1YTnvCAAO2NbG09U8UamPdtUizu8PUBcH</filename>
<source>
<database>MyDatabase</database>
<annotation>COCO2017</annotation>
<image>flickr</image>
<flickrid>NULL</flickrid>
<annotator>1</annotator>
</source>
<owner>
<flickrid>NULL</flickrid>
<name>Label Studio</name>
</owner>
<size>
<width>896</width>
<height>896</height>
<depth>3</depth>
</size>
<segmented>0</segmented>
<object>
<name>pink_duck</name>
<pose>Unspecified</pose>
<truncated>0</truncated>
<difficult>0</difficult>
<bndbox>
<xmin>296</xmin>
<ymin>364</ymin>
<xmax>584</xmax>
<ymax>665</ymax>
</bndbox>
</object>
</annotation>
