<?xml version="1.0" encoding="utf-8"?>
<annotation>
<folder>images</folder>
<filename>2a032bec-ucexportviewid1-Pn6DUgI1f69ynVEi8KZD7oSPq1QTjwL</filename>
<source>
<database>MyDatabase</database>
<annotation>COCO2017</annotation>
<image>flickr</image>
<flickrid>NULL</flickrid>
<annotator>1</annotator>
</source>
<owner>
<flickrid>NULL</flickrid>
<name>Label Studio</name>
</owner>
<size>
<width>896</width>
<height>896</height>
<depth>3</depth>
</size>
<segmented>0</segmented>
<object>
<name>pink_duck</name>
<pose>Unspecified</pose>
<truncated>0</truncated>
<difficult>0</difficult>
<bndbox>
<xmin>237</xmin>
<ymin>397</ymin>
<xmax>446</xmax>
<ymax>699</ymax>
</bndbox>
</object>
</annotation>
