<?xml version="1.0" encoding="utf-8"?>
<annotation>
<folder>images</folder>
<filename>2b514df0-ucexportviewid1uKrRUVF3mvUiS1rF-jkVq1t2ENWgM9jH</filename>
<source>
<database>MyDatabase</database>
<annotation>COCO2017</annotation>
<image>flickr</image>
<flickrid>NULL</flickrid>
<annotator>1</annotator>
</source>
<owner>
<flickrid>NULL</flickrid>
<name>Label Studio</name>
</owner>
<size>
<width>896</width>
<height>896</height>
<depth>3</depth>
</size>
<segmented>0</segmented>
<object>
<name>yellow_duck</name>
<pose>Unspecified</pose>
<truncated>0</truncated>
<difficult>0</difficult>
<bndbox>
<xmin>383</xmin>
<ymin>366</ymin>
<xmax>586</xmax>
<ymax>581</ymax>
</bndbox>
</object>
</annotation>
