<?xml version="1.0" encoding="utf-8"?>
<annotation>
<folder>images</folder>
<filename>2dd50508-ucexportviewid1Ojqa-6i_bZ18MKr-iL8Mjll_CQ0D4Htr</filename>
<source>
<database>MyDatabase</database>
<annotation>COCO2017</annotation>
<image>flickr</image>
<flickrid>NULL</flickrid>
<annotator>1</annotator>
</source>
<owner>
<flickrid>NULL</flickrid>
<name>Label Studio</name>
</owner>
<size>
<width>896</width>
<height>896</height>
<depth>3</depth>
</size>
<segmented>0</segmented>
<object>
<name>blue_duck</name>
<pose>Unspecified</pose>
<truncated>0</truncated>
<difficult>0</difficult>
<bndbox>
<xmin>435</xmin>
<ymin>200</ymin>
<xmax>598</xmax>
<ymax>492</ymax>
</bndbox>
</object>
</annotation>
