<?xml version="1.0" encoding="utf-8"?>
<annotation>
<folder>images</folder>
<filename>326e8080-ucexportviewid1No_i5chHMRdwy1no5Hyw2uPQLGxA9yiN</filename>
<source>
<database>MyDatabase</database>
<annotation>COCO2017</annotation>
<image>flickr</image>
<flickrid>NULL</flickrid>
<annotator>1</annotator>
</source>
<owner>
<flickrid>NULL</flickrid>
<name>Label Studio</name>
</owner>
<size>
<width>896</width>
<height>896</height>
<depth>3</depth>
</size>
<segmented>0</segmented>
<object>
<name>pink_duck</name>
<pose>Unspecified</pose>
<truncated>0</truncated>
<difficult>0</difficult>
<bndbox>
<xmin>296</xmin>
<ymin>278</ymin>
<xmax>482</xmax>
<ymax>575</ymax>
</bndbox>
</object>
</annotation>
