<?xml version="1.0" encoding="utf-8"?>
<annotation>
<folder>images</folder>
<filename>35f74292-ucexportviewid1uw_q5fQ2XgeZJovAdupCqgyaA3pDVzqf</filename>
<source>
<database>MyDatabase</database>
<annotation>COCO2017</annotation>
<image>flickr</image>
<flickrid>NULL</flickrid>
<annotator>1</annotator>
</source>
<owner>
<flickrid>NULL</flickrid>
<name>Label Studio</name>
</owner>
<size>
<width>896</width>
<height>896</height>
<depth>3</depth>
</size>
<segmented>0</segmented>
<object>
<name>yellow_duck</name>
<pose>Unspecified</pose>
<truncated>0</truncated>
<difficult>0</difficult>
<bndbox>
<xmin>76</xmin>
<ymin>400</ymin>
<xmax>323</xmax>
<ymax>621</ymax>
</bndbox>
</object>
<object>
<name>blue_duck</name>
<pose>Unspecified</pose>
<truncated>0</truncated>
<difficult>0</difficult>
<bndbox>
<xmin>530</xmin>
<ymin>199</ymin>
<xmax>753</xmax>
<ymax>431</ymax>
</bndbox>
</object>
<object>
<name>pink_duck</name>
<pose>Unspecified</pose>
<truncated>0</truncated>
<difficult>0</difficult>
<bndbox>
<xmin>502</xmin>
<ymin>518</ymin>
<xmax>726</xmax>
<ymax>741</ymax>
</bndbox>
</object>
</annotation>
