<?xml version="1.0" encoding="utf-8"?>
<annotation>
<folder>images</folder>
<filename>3911c18b-ucexportviewid1BzRQtxl7_4ituiM8BG7-5Ccb1Codbv1g</filename>
<source>
<database>MyDatabase</database>
<annotation>COCO2017</annotation>
<image>flickr</image>
<flickrid>NULL</flickrid>
<annotator>1</annotator>
</source>
<owner>
<flickrid>NULL</flickrid>
<name>Label Studio</name>
</owner>
<size>
<width>896</width>
<height>896</height>
<depth>3</depth>
</size>
<segmented>0</segmented>
<object>
<name>blue_duck</name>
<pose>Unspecified</pose>
<truncated>0</truncated>
<difficult>0</difficult>
<bndbox>
<xmin>444</xmin>
<ymin>508</ymin>
<xmax>611</xmax>
<ymax>768</ymax>
</bndbox>
</object>
<object>
<name>pink_duck</name>
<pose>Unspecified</pose>
<truncated>0</truncated>
<difficult>0</difficult>
<bndbox>
<xmin>147</xmin>
<ymin>163</ymin>
<xmax>290</xmax>
<ymax>354</ymax>
</bndbox>
</object>
<object>
<name>yellow_duck</name>
<pose>Unspecified</pose>
<truncated>0</truncated>
<difficult>0</difficult>
<bndbox>
<xmin>499</xmin>
<ymin>49</ymin>
<xmax>615</xmax>
<ymax>246</ymax>
</bndbox>
</object>
</annotation>
