<?xml version="1.0" encoding="utf-8"?>
<annotation>
<folder>images</folder>
<filename>410f1575-ucexportviewid1f_0MQhs_8mVv3TQeil_YuXmQWvCotG41</filename>
<source>
<database>MyDatabase</database>
<annotation>COCO2017</annotation>
<image>flickr</image>
<flickrid>NULL</flickrid>
<annotator>1</annotator>
</source>
<owner>
<flickrid>NULL</flickrid>
<name>Label Studio</name>
</owner>
<size>
<width>896</width>
<height>896</height>
<depth>3</depth>
</size>
<segmented>0</segmented>
<object>
<name>yellow_duck</name>
<pose>Unspecified</pose>
<truncated>0</truncated>
<difficult>0</difficult>
<bndbox>
<xmin>242</xmin>
<ymin>196</ymin>
<xmax>442</xmax>
<ymax>454</ymax>
</bndbox>
</object>
<object>
<name>blue_duck</name>
<pose>Unspecified</pose>
<truncated>0</truncated>
<difficult>0</difficult>
<bndbox>
<xmin>365</xmin>
<ymin>384</ymin>
<xmax>521</xmax>
<ymax>590</ymax>
</bndbox>
</object>
<object>
<name>pink_duck</name>
<pose>Unspecified</pose>
<truncated>0</truncated>
<difficult>0</difficult>
<bndbox>
<xmin>636</xmin>
<ymin>440</ymin>
<xmax>784</xmax>
<ymax>637</ymax>
</bndbox>
</object>
</annotation>
