<?xml version="1.0" encoding="utf-8"?>
<annotation>
<folder>images</folder>
<filename>45b0c896-ucexportviewid1Cwf2tpfibD8KrQT44mgoBaanqvjbg3Re</filename>
<source>
<database>MyDatabase</database>
<annotation>COCO2017</annotation>
<image>flickr</image>
<flickrid>NULL</flickrid>
<annotator>1</annotator>
</source>
<owner>
<flickrid>NULL</flickrid>
<name>Label Studio</name>
</owner>
<size>
<width>896</width>
<height>896</height>
<depth>3</depth>
</size>
<segmented>0</segmented>
<object>
<name>pink_duck</name>
<pose>Unspecified</pose>
<truncated>0</truncated>
<difficult>0</difficult>
<bndbox>
<xmin>351</xmin>
<ymin>597</ymin>
<xmax>447</xmax>
<ymax>741</ymax>
</bndbox>
</object>
<object>
<name>yellow_duck</name>
<pose>Unspecified</pose>
<truncated>0</truncated>
<difficult>0</difficult>
<bndbox>
<xmin>571</xmin>
<ymin>366</ymin>
<xmax>698</xmax>
<ymax>544</ymax>
</bndbox>
</object>
<object>
<name>blue_duck</name>
<pose>Unspecified</pose>
<truncated>0</truncated>
<difficult>0</difficult>
<bndbox>
<xmin>236</xmin>
<ymin>344</ymin>
<xmax>358</xmax>
<ymax>555</ymax>
</bndbox>
</object>
</annotation>
