<?xml version="1.0" encoding="utf-8"?>
<annotation>
<folder>images</folder>
<filename>46649953-ucexportviewid1d6SLWrfVGsvgziqfMXPrY1dFbIO8Ijnt</filename>
<source>
<database>MyDatabase</database>
<annotation>COCO2017</annotation>
<image>flickr</image>
<flickrid>NULL</flickrid>
<annotator>1</annotator>
</source>
<owner>
<flickrid>NULL</flickrid>
<name>Label Studio</name>
</owner>
<size>
<width>896</width>
<height>896</height>
<depth>3</depth>
</size>
<segmented>0</segmented>
<object>
<name>blue_duck</name>
<pose>Unspecified</pose>
<truncated>0</truncated>
<difficult>0</difficult>
<bndbox>
<xmin>359</xmin>
<ymin>282</ymin>
<xmax>550</xmax>
<ymax>600</ymax>
</bndbox>
</object>
</annotation>
