<?xml version="1.0" encoding="utf-8"?>
<annotation>
<folder>images</folder>
<filename>4a868ff3-ucexportviewid107Wrs9yQa_zaKgSMhIsjZdAyafMDQqiI</filename>
<source>
<database>MyDatabase</database>
<annotation>COCO2017</annotation>
<image>flickr</image>
<flickrid>NULL</flickrid>
<annotator>1</annotator>
</source>
<owner>
<flickrid>NULL</flickrid>
<name>Label Studio</name>
</owner>
<size>
<width>896</width>
<height>896</height>
<depth>3</depth>
</size>
<segmented>0</segmented>
<object>
<name>yellow_duck</name>
<pose>Unspecified</pose>
<truncated>0</truncated>
<difficult>0</difficult>
<bndbox>
<xmin>205</xmin>
<ymin>339</ymin>
<xmax>352</xmax>
<ymax>555</ymax>
</bndbox>
</object>
<object>
<name>pink_duck</name>
<pose>Unspecified</pose>
<truncated>0</truncated>
<difficult>0</difficult>
<bndbox>
<xmin>427</xmin>
<ymin>481</ymin>
<xmax>555</xmax>
<ymax>698</ymax>
</bndbox>
</object>
<object>
<name>blue_duck</name>
<pose>Unspecified</pose>
<truncated>0</truncated>
<difficult>0</difficult>
<bndbox>
<xmin>469</xmin>
<ymin>119</ymin>
<xmax>601</xmax>
<ymax>348</ymax>
</bndbox>
</object>
</annotation>
