<?xml version="1.0" encoding="utf-8"?>
<annotation>
<folder>images</folder>
<filename>4d5b899a-ucexportviewid1YtkzpZjkwVxuGxR-sq2L7HDvr_-AS_kJ</filename>
<source>
<database>MyDatabase</database>
<annotation>COCO2017</annotation>
<image>flickr</image>
<flickrid>NULL</flickrid>
<annotator>1</annotator>
</source>
<owner>
<flickrid>NULL</flickrid>
<name>Label Studio</name>
</owner>
<size>
<width>896</width>
<height>896</height>
<depth>3</depth>
</size>
<segmented>0</segmented>
<object>
<name>yellow_duck</name>
<pose>Unspecified</pose>
<truncated>0</truncated>
<difficult>0</difficult>
<bndbox>
<xmin>478</xmin>
<ymin>373</ymin>
<xmax>708</xmax>
<ymax>657</ymax>
</bndbox>
</object>
</annotation>
