<?xml version="1.0" encoding="utf-8"?>
<annotation>
<folder>images</folder>
<filename>4e4db9c7-ucexportviewid1qeMw8w4SLv2jA5diP4ULvVtugJL98L-l</filename>
<source>
<database>MyDatabase</database>
<annotation>COCO2017</annotation>
<image>flickr</image>
<flickrid>NULL</flickrid>
<annotator>1</annotator>
</source>
<owner>
<flickrid>NULL</flickrid>
<name>Label Studio</name>
</owner>
<size>
<width>896</width>
<height>896</height>
<depth>3</depth>
</size>
<segmented>0</segmented>
<object>
<name>blue_duck</name>
<pose>Unspecified</pose>
<truncated>0</truncated>
<difficult>0</difficult>
<bndbox>
<xmin>233</xmin>
<ymin>556</ymin>
<xmax>338</xmax>
<ymax>742</ymax>
</bndbox>
</object>
<object>
<name>pink_duck</name>
<pose>Unspecified</pose>
<truncated>0</truncated>
<difficult>0</difficult>
<bndbox>
<xmin>367</xmin>
<ymin>290</ymin>
<xmax>453</xmax>
<ymax>431</ymax>
</bndbox>
</object>
<object>
<name>yellow_duck</name>
<pose>Unspecified</pose>
<truncated>0</truncated>
<difficult>0</difficult>
<bndbox>
<xmin>549</xmin>
<ymin>145</ymin>
<xmax>685</xmax>
<ymax>366</ymax>
</bndbox>
</object>
</annotation>
