<?xml version="1.0" encoding="utf-8"?>
<annotation>
<folder>images</folder>
<filename>4f8050b6-ucexportviewid11P6pQQ5rmGVzcLR0P762M-yYgB-HD1JA</filename>
<source>
<database>MyDatabase</database>
<annotation>COCO2017</annotation>
<image>flickr</image>
<flickrid>NULL</flickrid>
<annotator>1</annotator>
</source>
<owner>
<flickrid>NULL</flickrid>
<name>Label Studio</name>
</owner>
<size>
<width>896</width>
<height>896</height>
<depth>3</depth>
</size>
<segmented>0</segmented>
<object>
<name>yellow_duck</name>
<pose>Unspecified</pose>
<truncated>0</truncated>
<difficult>0</difficult>
<bndbox>
<xmin>515</xmin>
<ymin>191</ymin>
<xmax>666</xmax>
<ymax>481</ymax>
</bndbox>
</object>
</annotation>
