<?xml version="1.0" encoding="utf-8"?>
<annotation>
<folder>images</folder>
<filename>53ad8851-ucexportviewid1IIdq1XhXN1IEQz8mmAePM_AHPtX0d2eA</filename>
<source>
<database>MyDatabase</database>
<annotation>COCO2017</annotation>
<image>flickr</image>
<flickrid>NULL</flickrid>
<annotator>1</annotator>
</source>
<owner>
<flickrid>NULL</flickrid>
<name>Label Studio</name>
</owner>
<size>
<width>896</width>
<height>896</height>
<depth>3</depth>
</size>
<segmented>0</segmented>
<object>
<name>blue_duck</name>
<pose>Unspecified</pose>
<truncated>0</truncated>
<difficult>0</difficult>
<bndbox>
<xmin>410</xmin>
<ymin>308</ymin>
<xmax>535</xmax>
<ymax>547</ymax>
</bndbox>
</object>
</annotation>
