<?xml version="1.0" encoding="utf-8"?>
<annotation>
<folder>images</folder>
<filename>5977d0f7-ucexportviewid1aUrZLzHTc68v9Ays29pgBO5ED87EhJv-</filename>
<source>
<database>MyDatabase</database>
<annotation>COCO2017</annotation>
<image>flickr</image>
<flickrid>NULL</flickrid>
<annotator>1</annotator>
</source>
<owner>
<flickrid>NULL</flickrid>
<name>Label Studio</name>
</owner>
<size>
<width>896</width>
<height>896</height>
<depth>3</depth>
</size>
<segmented>0</segmented>
<object>
<name>yellow_duck</name>
<pose>Unspecified</pose>
<truncated>0</truncated>
<difficult>0</difficult>
<bndbox>
<xmin>404</xmin>
<ymin>375</ymin>
<xmax>601</xmax>
<ymax>622</ymax>
</bndbox>
</object>
</annotation>
