<?xml version="1.0" encoding="utf-8"?>
<annotation>
<folder>images</folder>
<filename>5c7c7e63-ucexportviewid1pisEkYouPfv8k8VpZrdTkvpq1vIA4s5n</filename>
<source>
<database>MyDatabase</database>
<annotation>COCO2017</annotation>
<image>flickr</image>
<flickrid>NULL</flickrid>
<annotator>1</annotator>
</source>
<owner>
<flickrid>NULL</flickrid>
<name>Label Studio</name>
</owner>
<size>
<width>896</width>
<height>896</height>
<depth>3</depth>
</size>
<segmented>0</segmented>
<object>
<name>pink_duck</name>
<pose>Unspecified</pose>
<truncated>0</truncated>
<difficult>0</difficult>
<bndbox>
<xmin>276</xmin>
<ymin>590</ymin>
<xmax>381</xmax>
<ymax>768</ymax>
</bndbox>
</object>
<object>
<name>blue_duck</name>
<pose>Unspecified</pose>
<truncated>0</truncated>
<difficult>0</difficult>
<bndbox>
<xmin>352</xmin>
<ymin>330</ymin>
<xmax>486</xmax>
<ymax>550</ymax>
</bndbox>
</object>
<object>
<name>yellow_duck</name>
<pose>Unspecified</pose>
<truncated>0</truncated>
<difficult>0</difficult>
<bndbox>
<xmin>513</xmin>
<ymin>92</ymin>
<xmax>651</xmax>
<ymax>349</ymax>
</bndbox>
</object>
</annotation>
