<?xml version="1.0" encoding="utf-8"?>
<annotation>
<folder>images</folder>
<filename>5cd216c6-ucexportviewid1x34pgJbAw4GQl0LbZM6MqN-CqURoCSvS</filename>
<source>
<database>MyDatabase</database>
<annotation>COCO2017</annotation>
<image>flickr</image>
<flickrid>NULL</flickrid>
<annotator>1</annotator>
</source>
<owner>
<flickrid>NULL</flickrid>
<name>Label Studio</name>
</owner>
<size>
<width>896</width>
<height>896</height>
<depth>3</depth>
</size>
<segmented>0</segmented>
<object>
<name>blue_duck</name>
<pose>Unspecified</pose>
<truncated>0</truncated>
<difficult>0</difficult>
<bndbox>
<xmin>422</xmin>
<ymin>291</ymin>
<xmax>649</xmax>
<ymax>600</ymax>
</bndbox>
</object>
</annotation>
