<?xml version="1.0" encoding="utf-8"?>
<annotation>
<folder>images</folder>
<filename>5d34d0ac-ucexportviewid1tY6SxtBaYZaGhTn3Dlu04mER9Dx_iU2S</filename>
<source>
<database>MyDatabase</database>
<annotation>COCO2017</annotation>
<image>flickr</image>
<flickrid>NULL</flickrid>
<annotator>1</annotator>
</source>
<owner>
<flickrid>NULL</flickrid>
<name>Label Studio</name>
</owner>
<size>
<width>896</width>
<height>896</height>
<depth>3</depth>
</size>
<segmented>0</segmented>
<object>
<name>blue_duck</name>
<pose>Unspecified</pose>
<truncated>0</truncated>
<difficult>0</difficult>
<bndbox>
<xmin>281</xmin>
<ymin>510</ymin>
<xmax>436</xmax>
<ymax>787</ymax>
</bndbox>
</object>
</annotation>
