<?xml version="1.0" encoding="utf-8"?>
<annotation>
<folder>images</folder>
<filename>5eb95eb7-ucexportviewid118UT4tu_lMHolUY2BTuwejOnlXjkm_CW</filename>
<source>
<database>MyDatabase</database>
<annotation>COCO2017</annotation>
<image>flickr</image>
<flickrid>NULL</flickrid>
<annotator>1</annotator>
</source>
<owner>
<flickrid>NULL</flickrid>
<name>Label Studio</name>
</owner>
<size>
<width>896</width>
<height>896</height>
<depth>3</depth>
</size>
<segmented>0</segmented>
<object>
<name>pink_duck</name>
<pose>Unspecified</pose>
<truncated>0</truncated>
<difficult>0</difficult>
<bndbox>
<xmin>561</xmin>
<ymin>485</ymin>
<xmax>720</xmax>
<ymax>736</ymax>
</bndbox>
</object>
<object>
<name>blue_duck</name>
<pose>Unspecified</pose>
<truncated>0</truncated>
<difficult>0</difficult>
<bndbox>
<xmin>274</xmin>
<ymin>299</ymin>
<xmax>432</xmax>
<ymax>512</ymax>
</bndbox>
</object>
<object>
<name>yellow_duck</name>
<pose>Unspecified</pose>
<truncated>0</truncated>
<difficult>0</difficult>
<bndbox>
<xmin>240</xmin>
<ymin>73</ymin>
<xmax>377</xmax>
<ymax>267</ymax>
</bndbox>
</object>
</annotation>
