<?xml version="1.0" encoding="utf-8"?>
<annotation>
<folder>images</folder>
<filename>5f4e6a1e-ucexportviewid1f4_uXtX71Dn13qkUO-QYeue8fXTTs4d0</filename>
<source>
<database>MyDatabase</database>
<annotation>COCO2017</annotation>
<image>flickr</image>
<flickrid>NULL</flickrid>
<annotator>1</annotator>
</source>
<owner>
<flickrid>NULL</flickrid>
<name>Label Studio</name>
</owner>
<size>
<width>896</width>
<height>896</height>
<depth>3</depth>
</size>
<segmented>0</segmented>
<object>
<name>pink_duck</name>
<pose>Unspecified</pose>
<truncated>0</truncated>
<difficult>0</difficult>
<bndbox>
<xmin>494</xmin>
<ymin>146</ymin>
<xmax>666</xmax>
<ymax>373</ymax>
</bndbox>
</object>
<object>
<name>blue_duck</name>
<pose>Unspecified</pose>
<truncated>0</truncated>
<difficult>0</difficult>
<bndbox>
<xmin>346</xmin>
<ymin>480</ymin>
<xmax>455</xmax>
<ymax>630</ymax>
</bndbox>
</object>
<object>
<name>yellow_duck</name>
<pose>Unspecified</pose>
<truncated>0</truncated>
<difficult>0</difficult>
<bndbox>
<xmin>76</xmin>
<ymin>282</ymin>
<xmax>238</xmax>
<ymax>516</ymax>
</bndbox>
</object>
</annotation>
