<?xml version="1.0" encoding="utf-8"?>
<annotation>
<folder>images</folder>
<filename>606d5dd2-ucexportviewid1ryLI3zoScoPsH_hcIYk1DbIKYmkWlDr8</filename>
<source>
<database>MyDatabase</database>
<annotation>COCO2017</annotation>
<image>flickr</image>
<flickrid>NULL</flickrid>
<annotator>1</annotator>
</source>
<owner>
<flickrid>NULL</flickrid>
<name>Label Studio</name>
</owner>
<size>
<width>896</width>
<height>896</height>
<depth>3</depth>
</size>
<segmented>0</segmented>
<object>
<name>blue_duck</name>
<pose>Unspecified</pose>
<truncated>0</truncated>
<difficult>0</difficult>
<bndbox>
<xmin>273</xmin>
<ymin>375</ymin>
<xmax>488</xmax>
<ymax>614</ymax>
</bndbox>
</object>
</annotation>
