<?xml version="1.0" encoding="utf-8"?>
<annotation>
<folder>images</folder>
<filename>679f1761-ucexportviewid1P7OR9RB1kAYZYG8bQyd9Xor5AH-Lj5iK</filename>
<source>
<database>MyDatabase</database>
<annotation>COCO2017</annotation>
<image>flickr</image>
<flickrid>NULL</flickrid>
<annotator>1</annotator>
</source>
<owner>
<flickrid>NULL</flickrid>
<name>Label Studio</name>
</owner>
<size>
<width>896</width>
<height>896</height>
<depth>3</depth>
</size>
<segmented>0</segmented>
<object>
<name>blue_duck</name>
<pose>Unspecified</pose>
<truncated>0</truncated>
<difficult>0</difficult>
<bndbox>
<xmin>95</xmin>
<ymin>274</ymin>
<xmax>355</xmax>
<ymax>496</ymax>
</bndbox>
</object>
<object>
<name>yellow_duck</name>
<pose>Unspecified</pose>
<truncated>0</truncated>
<difficult>0</difficult>
<bndbox>
<xmin>476</xmin>
<ymin>358</ymin>
<xmax>735</xmax>
<ymax>566</ymax>
</bndbox>
</object>
<object>
<name>pink_duck</name>
<pose>Unspecified</pose>
<truncated>0</truncated>
<difficult>0</difficult>
<bndbox>
<xmin>408</xmin>
<ymin>97</ymin>
<xmax>575</xmax>
<ymax>291</ymax>
</bndbox>
</object>
</annotation>
