<?xml version="1.0" encoding="utf-8"?>
<annotation>
<folder>images</folder>
<filename>6c22bec0-ucexportviewid1fXD-uokOmFbPNytsm2B2o5oki9FLoFo-</filename>
<source>
<database>MyDatabase</database>
<annotation>COCO2017</annotation>
<image>flickr</image>
<flickrid>NULL</flickrid>
<annotator>1</annotator>
</source>
<owner>
<flickrid>NULL</flickrid>
<name>Label Studio</name>
</owner>
<size>
<width>896</width>
<height>896</height>
<depth>3</depth>
</size>
<segmented>0</segmented>
<object>
<name>pink_duck</name>
<pose>Unspecified</pose>
<truncated>0</truncated>
<difficult>0</difficult>
<bndbox>
<xmin>370</xmin>
<ymin>339</ymin>
<xmax>563</xmax>
<ymax>559</ymax>
</bndbox>
</object>
</annotation>
