<?xml version="1.0" encoding="utf-8"?>
<annotation>
<folder>images</folder>
<filename>6d4c395f-ucexportviewid1mhWnTnh4linWjT95IQZ7MlUXOTVPHsbs</filename>
<source>
<database>MyDatabase</database>
<annotation>COCO2017</annotation>
<image>flickr</image>
<flickrid>NULL</flickrid>
<annotator>1</annotator>
</source>
<owner>
<flickrid>NULL</flickrid>
<name>Label Studio</name>
</owner>
<size>
<width>896</width>
<height>896</height>
<depth>3</depth>
</size>
<segmented>0</segmented>
<object>
<name>pink_duck</name>
<pose>Unspecified</pose>
<truncated>0</truncated>
<difficult>0</difficult>
<bndbox>
<xmin>201</xmin>
<ymin>457</ymin>
<xmax>378</xmax>
<ymax>643</ymax>
</bndbox>
</object>
<object>
<name>blue_duck</name>
<pose>Unspecified</pose>
<truncated>0</truncated>
<difficult>0</difficult>
<bndbox>
<xmin>595</xmin>
<ymin>184</ymin>
<xmax>818</xmax>
<ymax>425</ymax>
</bndbox>
</object>
<object>
<name>yellow_duck</name>
<pose>Unspecified</pose>
<truncated>0</truncated>
<difficult>0</difficult>
<bndbox>
<xmin>346</xmin>
<ymin>725</ymin>
<xmax>477</xmax>
<ymax>894</ymax>
</bndbox>
</object>
</annotation>
