<?xml version="1.0" encoding="utf-8"?>
<annotation>
<folder>images</folder>
<filename>6ea9859c-ucexportviewid1LS2fAIDRPor6QsR5m03dDNxnv-5KwtG2</filename>
<source>
<database>MyDatabase</database>
<annotation>COCO2017</annotation>
<image>flickr</image>
<flickrid>NULL</flickrid>
<annotator>1</annotator>
</source>
<owner>
<flickrid>NULL</flickrid>
<name>Label Studio</name>
</owner>
<size>
<width>896</width>
<height>896</height>
<depth>3</depth>
</size>
<segmented>0</segmented>
<object>
<name>blue_duck</name>
<pose>Unspecified</pose>
<truncated>0</truncated>
<difficult>0</difficult>
<bndbox>
<xmin>189</xmin>
<ymin>206</ymin>
<xmax>325</xmax>
<ymax>455</ymax>
</bndbox>
</object>
<object>
<name>pink_duck</name>
<pose>Unspecified</pose>
<truncated>0</truncated>
<difficult>0</difficult>
<bndbox>
<xmin>405</xmin>
<ymin>145</ymin>
<xmax>534</xmax>
<ymax>360</ymax>
</bndbox>
</object>
<object>
<name>yellow_duck</name>
<pose>Unspecified</pose>
<truncated>0</truncated>
<difficult>0</difficult>
<bndbox>
<xmin>599</xmin>
<ymin>110</ymin>
<xmax>772</xmax>
<ymax>418</ymax>
</bndbox>
</object>
</annotation>
