<?xml version="1.0" encoding="utf-8"?>
<annotation>
<folder>images</folder>
<filename>71a6620b-ucexportviewid1eDZUyk9qyKzw0vgFw9jXCjjGMMYUQ263</filename>
<source>
<database>MyDatabase</database>
<annotation>COCO2017</annotation>
<image>flickr</image>
<flickrid>NULL</flickrid>
<annotator>1</annotator>
</source>
<owner>
<flickrid>NULL</flickrid>
<name>Label Studio</name>
</owner>
<size>
<width>896</width>
<height>896</height>
<depth>3</depth>
</size>
<segmented>0</segmented>
<object>
<name>blue_duck</name>
<pose>Unspecified</pose>
<truncated>0</truncated>
<difficult>0</difficult>
<bndbox>
<xmin>257</xmin>
<ymin>311</ymin>
<xmax>394</xmax>
<ymax>585</ymax>
</bndbox>
</object>
</annotation>
