<?xml version="1.0" encoding="utf-8"?>
<annotation>
<folder>images</folder>
<filename>7262c835-ucexportviewid1RmME1jQT7vu--EFQ_lrtNq6x_E-lm_Wl</filename>
<source>
<database>MyDatabase</database>
<annotation>COCO2017</annotation>
<image>flickr</image>
<flickrid>NULL</flickrid>
<annotator>1</annotator>
</source>
<owner>
<flickrid>NULL</flickrid>
<name>Label Studio</name>
</owner>
<size>
<width>896</width>
<height>896</height>
<depth>3</depth>
</size>
<segmented>0</segmented>
<object>
<name>blue_duck</name>
<pose>Unspecified</pose>
<truncated>0</truncated>
<difficult>0</difficult>
<bndbox>
<xmin>169</xmin>
<ymin>128</ymin>
<xmax>380</xmax>
<ymax>356</ymax>
</bndbox>
</object>
<object>
<name>yellow_duck</name>
<pose>Unspecified</pose>
<truncated>0</truncated>
<difficult>0</difficult>
<bndbox>
<xmin>394</xmin>
<ymin>473</ymin>
<xmax>526</xmax>
<ymax>651</ymax>
</bndbox>
</object>
<object>
<name>pink_duck</name>
<pose>Unspecified</pose>
<truncated>0</truncated>
<difficult>0</difficult>
<bndbox>
<xmin>489</xmin>
<ymin>674</ymin>
<xmax>606</xmax>
<ymax>827</ymax>
</bndbox>
</object>
</annotation>
