<?xml version="1.0" encoding="utf-8"?>
<annotation>
<folder>images</folder>
<filename>7b38d8df-ucexportviewid1P8yyBsE5zBC433qpVDVFqthhqYpg92fi</filename>
<source>
<database>MyDatabase</database>
<annotation>COCO2017</annotation>
<image>flickr</image>
<flickrid>NULL</flickrid>
<annotator>1</annotator>
</source>
<owner>
<flickrid>NULL</flickrid>
<name>Label Studio</name>
</owner>
<size>
<width>896</width>
<height>896</height>
<depth>3</depth>
</size>
<segmented>0</segmented>
<object>
<name>blue_duck</name>
<pose>Unspecified</pose>
<truncated>0</truncated>
<difficult>0</difficult>
<bndbox>
<xmin>327</xmin>
<ymin>450</ymin>
<xmax>521</xmax>
<ymax>761</ymax>
</bndbox>
</object>
<object>
<name>pink_duck</name>
<pose>Unspecified</pose>
<truncated>0</truncated>
<difficult>0</difficult>
<bndbox>
<xmin>219</xmin>
<ymin>203</ymin>
<xmax>378</xmax>
<ymax>428</ymax>
</bndbox>
</object>
<object>
<name>yellow_duck</name>
<pose>Unspecified</pose>
<truncated>0</truncated>
<difficult>0</difficult>
<bndbox>
<xmin>421</xmin>
<ymin>89</ymin>
<xmax>535</xmax>
<ymax>304</ymax>
</bndbox>
</object>
</annotation>
