<?xml version="1.0" encoding="utf-8"?>
<annotation>
<folder>images</folder>
<filename>7d08e090-ucexportviewid1_90kowaETwBfBKK8lPSO33J8zB3iKcAV</filename>
<source>
<database>MyDatabase</database>
<annotation>COCO2017</annotation>
<image>flickr</image>
<flickrid>NULL</flickrid>
<annotator>1</annotator>
</source>
<owner>
<flickrid>NULL</flickrid>
<name>Label Studio</name>
</owner>
<size>
<width>896</width>
<height>896</height>
<depth>3</depth>
</size>
<segmented>0</segmented>
<object>
<name>blue_duck</name>
<pose>Unspecified</pose>
<truncated>0</truncated>
<difficult>0</difficult>
<bndbox>
<xmin>567</xmin>
<ymin>95</ymin>
<xmax>682</xmax>
<ymax>290</ymax>
</bndbox>
</object>
<object>
<name>yellow_duck</name>
<pose>Unspecified</pose>
<truncated>0</truncated>
<difficult>0</difficult>
<bndbox>
<xmin>191</xmin>
<ymin>216</ymin>
<xmax>304</xmax>
<ymax>448</ymax>
</bndbox>
</object>
<object>
<name>pink_duck</name>
<pose>Unspecified</pose>
<truncated>0</truncated>
<difficult>0</difficult>
<bndbox>
<xmin>466</xmin>
<ymin>449</ymin>
<xmax>603</xmax>
<ymax>683</ymax>
</bndbox>
</object>
</annotation>
