<?xml version="1.0" encoding="utf-8"?>
<annotation>
<folder>images</folder>
<filename>837d6da5-ucexportviewid1xHiWr2C_0seLQbOkcKuidEmbLDWid_Wk</filename>
<source>
<database>MyDatabase</database>
<annotation>COCO2017</annotation>
<image>flickr</image>
<flickrid>NULL</flickrid>
<annotator>1</annotator>
</source>
<owner>
<flickrid>NULL</flickrid>
<name>Label Studio</name>
</owner>
<size>
<width>896</width>
<height>896</height>
<depth>3</depth>
</size>
<segmented>0</segmented>
<object>
<name>blue_duck</name>
<pose>Unspecified</pose>
<truncated>0</truncated>
<difficult>0</difficult>
<bndbox>
<xmin>388</xmin>
<ymin>434</ymin>
<xmax>521</xmax>
<ymax>640</ymax>
</bndbox>
</object>
</annotation>
