<?xml version="1.0" encoding="utf-8"?>
<annotation>
<folder>images</folder>
<filename>8915de64-ucexportviewid1J-48S4yo_k2YYM39bTXNyt2KhSMEUPQ8</filename>
<source>
<database>MyDatabase</database>
<annotation>COCO2017</annotation>
<image>flickr</image>
<flickrid>NULL</flickrid>
<annotator>1</annotator>
</source>
<owner>
<flickrid>NULL</flickrid>
<name>Label Studio</name>
</owner>
<size>
<width>896</width>
<height>896</height>
<depth>3</depth>
</size>
<segmented>0</segmented>
<object>
<name>yellow_duck</name>
<pose>Unspecified</pose>
<truncated>0</truncated>
<difficult>0</difficult>
<bndbox>
<xmin>151</xmin>
<ymin>542</ymin>
<xmax>282</xmax>
<ymax>701</ymax>
</bndbox>
</object>
<object>
<name>blue_duck</name>
<pose>Unspecified</pose>
<truncated>0</truncated>
<difficult>0</difficult>
<bndbox>
<xmin>411</xmin>
<ymin>590</ymin>
<xmax>543</xmax>
<ymax>752</ymax>
</bndbox>
</object>
<object>
<name>pink_duck</name>
<pose>Unspecified</pose>
<truncated>0</truncated>
<difficult>0</difficult>
<bndbox>
<xmin>417</xmin>
<ymin>74</ymin>
<xmax>542</xmax>
<ymax>240</ymax>
</bndbox>
</object>
</annotation>
