<?xml version="1.0" encoding="utf-8"?>
<annotation>
<folder>images</folder>
<filename>8bcb681c-ucexportviewid1lqmDKDVO69vbn1GpqgTKt09P8NrlLoN6</filename>
<source>
<database>MyDatabase</database>
<annotation>COCO2017</annotation>
<image>flickr</image>
<flickrid>NULL</flickrid>
<annotator>1</annotator>
</source>
<owner>
<flickrid>NULL</flickrid>
<name>Label Studio</name>
</owner>
<size>
<width>896</width>
<height>896</height>
<depth>3</depth>
</size>
<segmented>0</segmented>
<object>
<name>yellow_duck</name>
<pose>Unspecified</pose>
<truncated>0</truncated>
<difficult>0</difficult>
<bndbox>
<xmin>323</xmin>
<ymin>232</ymin>
<xmax>631</xmax>
<ymax>564</ymax>
</bndbox>
</object>
</annotation>
