<?xml version="1.0" encoding="utf-8"?>
<annotation>
<folder>images</folder>
<filename>92aa4543-ucexportviewid1zKvuoz26GjGhm9jxyoj8cAEDTmhyUZZH</filename>
<source>
<database>MyDatabase</database>
<annotation>COCO2017</annotation>
<image>flickr</image>
<flickrid>NULL</flickrid>
<annotator>1</annotator>
</source>
<owner>
<flickrid>NULL</flickrid>
<name>Label Studio</name>
</owner>
<size>
<width>896</width>
<height>896</height>
<depth>3</depth>
</size>
<segmented>0</segmented>
<object>
<name>blue_duck</name>
<pose>Unspecified</pose>
<truncated>0</truncated>
<difficult>0</difficult>
<bndbox>
<xmin>377</xmin>
<ymin>265</ymin>
<xmax>558</xmax>
<ymax>511</ymax>
</bndbox>
</object>
</annotation>
