<?xml version="1.0" encoding="utf-8"?>
<annotation>
<folder>images</folder>
<filename>93cb2c79-ucexportviewid1aBRV9a0tiwwdq0-Mq3aqmW7VU-JyYQcF</filename>
<source>
<database>MyDatabase</database>
<annotation>COCO2017</annotation>
<image>flickr</image>
<flickrid>NULL</flickrid>
<annotator>1</annotator>
</source>
<owner>
<flickrid>NULL</flickrid>
<name>Label Studio</name>
</owner>
<size>
<width>896</width>
<height>896</height>
<depth>3</depth>
</size>
<segmented>0</segmented>
<object>
<name>yellow_duck</name>
<pose>Unspecified</pose>
<truncated>0</truncated>
<difficult>0</difficult>
<bndbox>
<xmin>406</xmin>
<ymin>260</ymin>
<xmax>585</xmax>
<ymax>553</ymax>
</bndbox>
</object>
</annotation>
