<?xml version="1.0" encoding="utf-8"?>
<annotation>
<folder>images</folder>
<filename>98b5e215-ucexportviewid1aBlVzN3CtcrlBypBgg7Y2MYy4SyCuGqJ</filename>
<source>
<database>MyDatabase</database>
<annotation>COCO2017</annotation>
<image>flickr</image>
<flickrid>NULL</flickrid>
<annotator>1</annotator>
</source>
<owner>
<flickrid>NULL</flickrid>
<name>Label Studio</name>
</owner>
<size>
<width>896</width>
<height>896</height>
<depth>3</depth>
</size>
<segmented>0</segmented>
<object>
<name>blue_duck</name>
<pose>Unspecified</pose>
<truncated>0</truncated>
<difficult>0</difficult>
<bndbox>
<xmin>347</xmin>
<ymin>545</ymin>
<xmax>457</xmax>
<ymax>678</ymax>
</bndbox>
</object>
<object>
<name>yellow_duck</name>
<pose>Unspecified</pose>
<truncated>0</truncated>
<difficult>0</difficult>
<bndbox>
<xmin>446</xmin>
<ymin>182</ymin>
<xmax>571</xmax>
<ymax>352</ymax>
</bndbox>
</object>
<object>
<name>pink_duck</name>
<pose>Unspecified</pose>
<truncated>0</truncated>
<difficult>0</difficult>
<bndbox>
<xmin>188</xmin>
<ymin>251</ymin>
<xmax>300</xmax>
<ymax>370</ymax>
</bndbox>
</object>
</annotation>
