<?xml version="1.0" encoding="utf-8"?>
<annotation>
<folder>images</folder>
<filename>9b0182bf-ucexportviewid12CxjxK0EzCn78VvzH--6C38LZdZEq7zK</filename>
<source>
<database>MyDatabase</database>
<annotation>COCO2017</annotation>
<image>flickr</image>
<flickrid>NULL</flickrid>
<annotator>1</annotator>
</source>
<owner>
<flickrid>NULL</flickrid>
<name>Label Studio</name>
</owner>
<size>
<width>896</width>
<height>896</height>
<depth>3</depth>
</size>
<segmented>0</segmented>
<object>
<name>pink_duck</name>
<pose>Unspecified</pose>
<truncated>0</truncated>
<difficult>0</difficult>
<bndbox>
<xmin>407</xmin>
<ymin>338</ymin>
<xmax>537</xmax>
<ymax>546</ymax>
</bndbox>
</object>
</annotation>
