<?xml version="1.0" encoding="utf-8"?>
<annotation>
<folder>images</folder>
<filename>a00c0a8b-ucexportviewid1btdN1rus0HlsfWPRhDoE4uCwcU1T705m</filename>
<source>
<database>MyDatabase</database>
<annotation>COCO2017</annotation>
<image>flickr</image>
<flickrid>NULL</flickrid>
<annotator>1</annotator>
</source>
<owner>
<flickrid>NULL</flickrid>
<name>Label Studio</name>
</owner>
<size>
<width>896</width>
<height>896</height>
<depth>3</depth>
</size>
<segmented>0</segmented>
<object>
<name>pink_duck</name>
<pose>Unspecified</pose>
<truncated>0</truncated>
<difficult>0</difficult>
<bndbox>
<xmin>312</xmin>
<ymin>195</ymin>
<xmax>455</xmax>
<ymax>389</ymax>
</bndbox>
</object>
<object>
<name>yellow_duck</name>
<pose>Unspecified</pose>
<truncated>0</truncated>
<difficult>0</difficult>
<bndbox>
<xmin>460</xmin>
<ymin>351</ymin>
<xmax>566</xmax>
<ymax>502</ymax>
</bndbox>
</object>
<object>
<name>blue_duck</name>
<pose>Unspecified</pose>
<truncated>0</truncated>
<difficult>0</difficult>
<bndbox>
<xmin>345</xmin>
<ymin>598</ymin>
<xmax>478</xmax>
<ymax>779</ymax>
</bndbox>
</object>
</annotation>
