<?xml version="1.0" encoding="utf-8"?>
<annotation>
<folder>images</folder>
<filename>a064371c-ucexportviewid1QJk7lZNbBYLH09zswqQ2jMZggOcOyyIJ</filename>
<source>
<database>MyDatabase</database>
<annotation>COCO2017</annotation>
<image>flickr</image>
<flickrid>NULL</flickrid>
<annotator>1</annotator>
</source>
<owner>
<flickrid>NULL</flickrid>
<name>Label Studio</name>
</owner>
<size>
<width>896</width>
<height>896</height>
<depth>3</depth>
</size>
<segmented>0</segmented>
<object>
<name>pink_duck</name>
<pose>Unspecified</pose>
<truncated>0</truncated>
<difficult>0</difficult>
<bndbox>
<xmin>240</xmin>
<ymin>503</ymin>
<xmax>384</xmax>
<ymax>676</ymax>
</bndbox>
</object>
<object>
<name>yellow_duck</name>
<pose>Unspecified</pose>
<truncated>0</truncated>
<difficult>0</difficult>
<bndbox>
<xmin>596</xmin>
<ymin>435</ymin>
<xmax>746</xmax>
<ymax>588</ymax>
</bndbox>
</object>
<object>
<name>blue_duck</name>
<pose>Unspecified</pose>
<truncated>0</truncated>
<difficult>0</difficult>
<bndbox>
<xmin>351</xmin>
<ymin>73</ymin>
<xmax>496</xmax>
<ymax>253</ymax>
</bndbox>
</object>
</annotation>
