<?xml version="1.0" encoding="utf-8"?>
<annotation>
<folder>images</folder>
<filename>a11b8381-ucexportviewid1A1lCS7jt7kqBsIuHIAbHdPAhTjV0DNFk</filename>
<source>
<database>MyDatabase</database>
<annotation>COCO2017</annotation>
<image>flickr</image>
<flickrid>NULL</flickrid>
<annotator>1</annotator>
</source>
<owner>
<flickrid>NULL</flickrid>
<name>Label Studio</name>
</owner>
<size>
<width>896</width>
<height>896</height>
<depth>3</depth>
</size>
<segmented>0</segmented>
<object>
<name>yellow_duck</name>
<pose>Unspecified</pose>
<truncated>0</truncated>
<difficult>0</difficult>
<bndbox>
<xmin>398</xmin>
<ymin>311</ymin>
<xmax>628</xmax>
<ymax>632</ymax>
</bndbox>
</object>
</annotation>
