<?xml version="1.0" encoding="utf-8"?>
<annotation>
<folder>images</folder>
<filename>a63b249d-ucexportviewid16ZF0uzfiN39z0vuhlyYHqMcZEMD8o20-</filename>
<source>
<database>MyDatabase</database>
<annotation>COCO2017</annotation>
<image>flickr</image>
<flickrid>NULL</flickrid>
<annotator>1</annotator>
</source>
<owner>
<flickrid>NULL</flickrid>
<name>Label Studio</name>
</owner>
<size>
<width>896</width>
<height>896</height>
<depth>3</depth>
</size>
<segmented>0</segmented>
<object>
<name>blue_duck</name>
<pose>Unspecified</pose>
<truncated>0</truncated>
<difficult>0</difficult>
<bndbox>
<xmin>169</xmin>
<ymin>301</ymin>
<xmax>315</xmax>
<ymax>519</ymax>
</bndbox>
</object>
<object>
<name>yellow_duck</name>
<pose>Unspecified</pose>
<truncated>0</truncated>
<difficult>0</difficult>
<bndbox>
<xmin>512</xmin>
<ymin>347</ymin>
<xmax>628</xmax>
<ymax>538</ymax>
</bndbox>
</object>
<object>
<name>pink_duck</name>
<pose>Unspecified</pose>
<truncated>0</truncated>
<difficult>0</difficult>
<bndbox>
<xmin>416</xmin>
<ymin>583</ymin>
<xmax>497</xmax>
<ymax>723</ymax>
</bndbox>
</object>
</annotation>
