<?xml version="1.0" encoding="utf-8"?>
<annotation>
<folder>images</folder>
<filename>a71c9e7f-ucexportviewid19qZsvua_7a59GLiqO_WXQ9Q6QgtP6qks</filename>
<source>
<database>MyDatabase</database>
<annotation>COCO2017</annotation>
<image>flickr</image>
<flickrid>NULL</flickrid>
<annotator>1</annotator>
</source>
<owner>
<flickrid>NULL</flickrid>
<name>Label Studio</name>
</owner>
<size>
<width>896</width>
<height>896</height>
<depth>3</depth>
</size>
<segmented>0</segmented>
<object>
<name>yellow_duck</name>
<pose>Unspecified</pose>
<truncated>0</truncated>
<difficult>0</difficult>
<bndbox>
<xmin>407</xmin>
<ymin>212</ymin>
<xmax>654</xmax>
<ymax>598</ymax>
</bndbox>
</object>
</annotation>
