<?xml version="1.0" encoding="utf-8"?>
<annotation>
<folder>images</folder>
<filename>a8767b83-ucexportviewid1OM2lIZHgKBx8XD7QIeW4vsgL0RtZgOHs</filename>
<source>
<database>MyDatabase</database>
<annotation>COCO2017</annotation>
<image>flickr</image>
<flickrid>NULL</flickrid>
<annotator>1</annotator>
</source>
<owner>
<flickrid>NULL</flickrid>
<name>Label Studio</name>
</owner>
<size>
<width>896</width>
<height>896</height>
<depth>3</depth>
</size>
<segmented>0</segmented>
<object>
<name>yellow_duck</name>
<pose>Unspecified</pose>
<truncated>0</truncated>
<difficult>0</difficult>
<bndbox>
<xmin>116</xmin>
<ymin>254</ymin>
<xmax>296</xmax>
<ymax>461</ymax>
</bndbox>
</object>
<object>
<name>pink_duck</name>
<pose>Unspecified</pose>
<truncated>0</truncated>
<difficult>0</difficult>
<bndbox>
<xmin>418</xmin>
<ymin>266</ymin>
<xmax>617</xmax>
<ymax>488</ymax>
</bndbox>
</object>
<object>
<name>blue_duck</name>
<pose>Unspecified</pose>
<truncated>0</truncated>
<difficult>0</difficult>
<bndbox>
<xmin>248</xmin>
<ymin>522</ymin>
<xmax>479</xmax>
<ymax>789</ymax>
</bndbox>
</object>
</annotation>
