<?xml version="1.0" encoding="utf-8"?>
<annotation>
<folder>images</folder>
<filename>a9ee0e7a-ucexportviewid1kEMsB3GpPfM9tvijT4YjK9tTOVBSt5O_</filename>
<source>
<database>MyDatabase</database>
<annotation>COCO2017</annotation>
<image>flickr</image>
<flickrid>NULL</flickrid>
<annotator>1</annotator>
</source>
<owner>
<flickrid>NULL</flickrid>
<name>Label Studio</name>
</owner>
<size>
<width>896</width>
<height>896</height>
<depth>3</depth>
</size>
<segmented>0</segmented>
<object>
<name>yellow_duck</name>
<pose>Unspecified</pose>
<truncated>0</truncated>
<difficult>0</difficult>
<bndbox>
<xmin>213</xmin>
<ymin>107</ymin>
<xmax>319</xmax>
<ymax>316</ymax>
</bndbox>
</object>
<object>
<name>blue_duck</name>
<pose>Unspecified</pose>
<truncated>0</truncated>
<difficult>0</difficult>
<bndbox>
<xmin>543</xmin>
<ymin>166</ymin>
<xmax>658</xmax>
<ymax>374</ymax>
</bndbox>
</object>
<object>
<name>pink_duck</name>
<pose>Unspecified</pose>
<truncated>0</truncated>
<difficult>0</difficult>
<bndbox>
<xmin>412</xmin>
<ymin>659</ymin>
<xmax>516</xmax>
<ymax>859</ymax>
</bndbox>
</object>
</annotation>
