<?xml version="1.0" encoding="utf-8"?>
<annotation>
<folder>images</folder>
<filename>ad42cb7c-ucexportviewid1Cc3V0-vzTP6lhmStTPEJ77OXCFr0aZv4</filename>
<source>
<database>MyDatabase</database>
<annotation>COCO2017</annotation>
<image>flickr</image>
<flickrid>NULL</flickrid>
<annotator>1</annotator>
</source>
<owner>
<flickrid>NULL</flickrid>
<name>Label Studio</name>
</owner>
<size>
<width>896</width>
<height>896</height>
<depth>3</depth>
</size>
<segmented>0</segmented>
<object>
<name>pink_duck</name>
<pose>Unspecified</pose>
<truncated>0</truncated>
<difficult>0</difficult>
<bndbox>
<xmin>364</xmin>
<ymin>327</ymin>
<xmax>563</xmax>
<ymax>625</ymax>
</bndbox>
</object>
</annotation>
