<?xml version="1.0" encoding="utf-8"?>
<annotation>
<folder>images</folder>
<filename>af4eb658-ucexportviewid1SrXHzS2KjuZNNQ6Z6t-sB0vbh3B9m7Q5</filename>
<source>
<database>MyDatabase</database>
<annotation>COCO2017</annotation>
<image>flickr</image>
<flickrid>NULL</flickrid>
<annotator>1</annotator>
</source>
<owner>
<flickrid>NULL</flickrid>
<name>Label Studio</name>
</owner>
<size>
<width>896</width>
<height>896</height>
<depth>3</depth>
</size>
<segmented>0</segmented>
<object>
<name>blue_duck</name>
<pose>Unspecified</pose>
<truncated>0</truncated>
<difficult>0</difficult>
<bndbox>
<xmin>351</xmin>
<ymin>485</ymin>
<xmax>437</xmax>
<ymax>645</ymax>
</bndbox>
</object>
<object>
<name>yellow_duck</name>
<pose>Unspecified</pose>
<truncated>0</truncated>
<difficult>0</difficult>
<bndbox>
<xmin>581</xmin>
<ymin>455</ymin>
<xmax>676</xmax>
<ymax>625</ymax>
</bndbox>
</object>
<object>
<name>pink_duck</name>
<pose>Unspecified</pose>
<truncated>0</truncated>
<difficult>0</difficult>
<bndbox>
<xmin>517</xmin>
<ymin>108</ymin>
<xmax>651</xmax>
<ymax>372</ymax>
</bndbox>
</object>
</annotation>
