<?xml version="1.0" encoding="utf-8"?>
<annotation>
<folder>images</folder>
<filename>b0b731d2-ucexportviewid1NmdGn8kf4YC8trv238nK3vbyi93SG4yp</filename>
<source>
<database>MyDatabase</database>
<annotation>COCO2017</annotation>
<image>flickr</image>
<flickrid>NULL</flickrid>
<annotator>1</annotator>
</source>
<owner>
<flickrid>NULL</flickrid>
<name>Label Studio</name>
</owner>
<size>
<width>896</width>
<height>896</height>
<depth>3</depth>
</size>
<segmented>0</segmented>
<object>
<name>blue_duck</name>
<pose>Unspecified</pose>
<truncated>0</truncated>
<difficult>0</difficult>
<bndbox>
<xmin>424</xmin>
<ymin>402</ymin>
<xmax>605</xmax>
<ymax>667</ymax>
</bndbox>
</object>
</annotation>
