<?xml version="1.0" encoding="utf-8"?>
<annotation>
<folder>images</folder>
<filename>b3bb1a14-ucexportviewid1EzaIPsCFLsr3FYA_h4GBVKPvzo0KW3I9</filename>
<source>
<database>MyDatabase</database>
<annotation>COCO2017</annotation>
<image>flickr</image>
<flickrid>NULL</flickrid>
<annotator>1</annotator>
</source>
<owner>
<flickrid>NULL</flickrid>
<name>Label Studio</name>
</owner>
<size>
<width>896</width>
<height>896</height>
<depth>3</depth>
</size>
<segmented>0</segmented>
<object>
<name>pink_duck</name>
<pose>Unspecified</pose>
<truncated>0</truncated>
<difficult>0</difficult>
<bndbox>
<xmin>340</xmin>
<ymin>211</ymin>
<xmax>480</xmax>
<ymax>496</ymax>
</bndbox>
</object>
</annotation>
