<?xml version="1.0" encoding="utf-8"?>
<annotation>
<folder>images</folder>
<filename>b4666bfc-ucexportviewid1c_lkhxCxCpu8A6nTPnweRkFHvK2cE_TL</filename>
<source>
<database>MyDatabase</database>
<annotation>COCO2017</annotation>
<image>flickr</image>
<flickrid>NULL</flickrid>
<annotator>1</annotator>
</source>
<owner>
<flickrid>NULL</flickrid>
<name>Label Studio</name>
</owner>
<size>
<width>896</width>
<height>896</height>
<depth>3</depth>
</size>
<segmented>0</segmented>
<object>
<name>yellow_duck</name>
<pose>Unspecified</pose>
<truncated>0</truncated>
<difficult>0</difficult>
<bndbox>
<xmin>337</xmin>
<ymin>471</ymin>
<xmax>452</xmax>
<ymax>643</ymax>
</bndbox>
</object>
<object>
<name>pink_duck</name>
<pose>Unspecified</pose>
<truncated>0</truncated>
<difficult>0</difficult>
<bndbox>
<xmin>639</xmin>
<ymin>243</ymin>
<xmax>780</xmax>
<ymax>417</ymax>
</bndbox>
</object>
<object>
<name>blue_duck</name>
<pose>Unspecified</pose>
<truncated>0</truncated>
<difficult>0</difficult>
<bndbox>
<xmin>466</xmin>
<ymin>222</ymin>
<xmax>557</xmax>
<ymax>378</ymax>
</bndbox>
</object>
</annotation>
