<?xml version="1.0" encoding="utf-8"?>
<annotation>
<folder>images</folder>
<filename>b4f11107-ucexportviewid1ITAsw7RI2ukFDw0B7U4mO1dCMaicIRVW</filename>
<source>
<database>MyDatabase</database>
<annotation>COCO2017</annotation>
<image>flickr</image>
<flickrid>NULL</flickrid>
<annotator>1</annotator>
</source>
<owner>
<flickrid>NULL</flickrid>
<name>Label Studio</name>
</owner>
<size>
<width>896</width>
<height>896</height>
<depth>3</depth>
</size>
<segmented>0</segmented>
<object>
<name>pink_duck</name>
<pose>Unspecified</pose>
<truncated>0</truncated>
<difficult>0</difficult>
<bndbox>
<xmin>339</xmin>
<ymin>405</ymin>
<xmax>497</xmax>
<ymax>632</ymax>
</bndbox>
</object>
</annotation>
