<?xml version="1.0" encoding="utf-8"?>
<annotation>
<folder>images</folder>
<filename>b9c8f838-ucexportviewid1-M3soxm1usZwpHjV9YuXdYCzUuiWPyfo</filename>
<source>
<database>MyDatabase</database>
<annotation>COCO2017</annotation>
<image>flickr</image>
<flickrid>NULL</flickrid>
<annotator>1</annotator>
</source>
<owner>
<flickrid>NULL</flickrid>
<name>Label Studio</name>
</owner>
<size>
<width>896</width>
<height>896</height>
<depth>3</depth>
</size>
<segmented>0</segmented>
<object>
<name>blue_duck</name>
<pose>Unspecified</pose>
<truncated>0</truncated>
<difficult>0</difficult>
<bndbox>
<xmin>344</xmin>
<ymin>384</ymin>
<xmax>506</xmax>
<ymax>667</ymax>
</bndbox>
</object>
</annotation>
