<?xml version="1.0" encoding="utf-8"?>
<annotation>
<folder>images</folder>
<filename>bb21ab2e-ucexportviewid1BZ-0V1kDQI6fHipF-YvdU-wbA0HScpfa</filename>
<source>
<database>MyDatabase</database>
<annotation>COCO2017</annotation>
<image>flickr</image>
<flickrid>NULL</flickrid>
<annotator>1</annotator>
</source>
<owner>
<flickrid>NULL</flickrid>
<name>Label Studio</name>
</owner>
<size>
<width>896</width>
<height>896</height>
<depth>3</depth>
</size>
<segmented>0</segmented>
<object>
<name>blue_duck</name>
<pose>Unspecified</pose>
<truncated>0</truncated>
<difficult>0</difficult>
<bndbox>
<xmin>382</xmin>
<ymin>284</ymin>
<xmax>513</xmax>
<ymax>520</ymax>
</bndbox>
</object>
</annotation>
