<?xml version="1.0" encoding="utf-8"?>
<annotation>
<folder>images</folder>
<filename>c046237a-ucexportviewid17jRvYCUgP_wBZ7o9BW_nn0xDgVgIeMH2</filename>
<source>
<database>MyDatabase</database>
<annotation>COCO2017</annotation>
<image>flickr</image>
<flickrid>NULL</flickrid>
<annotator>1</annotator>
</source>
<owner>
<flickrid>NULL</flickrid>
<name>Label Studio</name>
</owner>
<size>
<width>896</width>
<height>896</height>
<depth>3</depth>
</size>
<segmented>0</segmented>
<object>
<name>pink_duck</name>
<pose>Unspecified</pose>
<truncated>0</truncated>
<difficult>0</difficult>
<bndbox>
<xmin>507</xmin>
<ymin>630</ymin>
<xmax>621</xmax>
<ymax>831</ymax>
</bndbox>
</object>
<object>
<name>yellow_duck</name>
<pose>Unspecified</pose>
<truncated>0</truncated>
<difficult>0</difficult>
<bndbox>
<xmin>280</xmin>
<ymin>484</ymin>
<xmax>406</xmax>
<ymax>692</ymax>
</bndbox>
</object>
<object>
<name>blue_duck</name>
<pose>Unspecified</pose>
<truncated>0</truncated>
<difficult>0</difficult>
<bndbox>
<xmin>434</xmin>
<ymin>36</ymin>
<xmax>564</xmax>
<ymax>253</ymax>
</bndbox>
</object>
</annotation>
