<?xml version="1.0" encoding="utf-8"?>
<annotation>
<folder>images</folder>
<filename>c145b724-ucexportviewid1G0trRo4PrZGAU1mCZvsIYRGJ7HL2hEiy</filename>
<source>
<database>MyDatabase</database>
<annotation>COCO2017</annotation>
<image>flickr</image>
<flickrid>NULL</flickrid>
<annotator>1</annotator>
</source>
<owner>
<flickrid>NULL</flickrid>
<name>Label Studio</name>
</owner>
<size>
<width>896</width>
<height>896</height>
<depth>3</depth>
</size>
<segmented>0</segmented>
<object>
<name>yellow_duck</name>
<pose>Unspecified</pose>
<truncated>0</truncated>
<difficult>0</difficult>
<bndbox>
<xmin>187</xmin>
<ymin>108</ymin>
<xmax>337</xmax>
<ymax>397</ymax>
</bndbox>
</object>
<object>
<name>blue_duck</name>
<pose>Unspecified</pose>
<truncated>0</truncated>
<difficult>0</difficult>
<bndbox>
<xmin>361</xmin>
<ymin>434</ymin>
<xmax>486</xmax>
<ymax>699</ymax>
</bndbox>
</object>
<object>
<name>pink_duck</name>
<pose>Unspecified</pose>
<truncated>0</truncated>
<difficult>0</difficult>
<bndbox>
<xmin>612</xmin>
<ymin>434</ymin>
<xmax>744</xmax>
<ymax>684</ymax>
</bndbox>
</object>
</annotation>
