<?xml version="1.0" encoding="utf-8"?>
<annotation>
<folder>images</folder>
<filename>c1f018af-ucexportviewid113KegWhDFYIcje2C3E9aM3cofz_NPj8I</filename>
<source>
<database>MyDatabase</database>
<annotation>COCO2017</annotation>
<image>flickr</image>
<flickrid>NULL</flickrid>
<annotator>1</annotator>
</source>
<owner>
<flickrid>NULL</flickrid>
<name>Label Studio</name>
</owner>
<size>
<width>896</width>
<height>896</height>
<depth>3</depth>
</size>
<segmented>0</segmented>
<object>
<name>yellow_duck</name>
<pose>Unspecified</pose>
<truncated>0</truncated>
<difficult>0</difficult>
<bndbox>
<xmin>312</xmin>
<ymin>337</ymin>
<xmax>467</xmax>
<ymax>626</ymax>
</bndbox>
</object>
</annotation>
