<?xml version="1.0" encoding="utf-8"?>
<annotation>
<folder>images</folder>
<filename>ca0028a6-ucexportviewid1xT6D0qi7IvsPOXPyu444BnQc7Uh63CKs</filename>
<source>
<database>MyDatabase</database>
<annotation>COCO2017</annotation>
<image>flickr</image>
<flickrid>NULL</flickrid>
<annotator>1</annotator>
</source>
<owner>
<flickrid>NULL</flickrid>
<name>Label Studio</name>
</owner>
<size>
<width>896</width>
<height>896</height>
<depth>3</depth>
</size>
<segmented>0</segmented>
<object>
<name>pink_duck</name>
<pose>Unspecified</pose>
<truncated>0</truncated>
<difficult>0</difficult>
<bndbox>
<xmin>273</xmin>
<ymin>529</ymin>
<xmax>374</xmax>
<ymax>750</ymax>
</bndbox>
</object>
<object>
<name>blue_duck</name>
<pose>Unspecified</pose>
<truncated>0</truncated>
<difficult>0</difficult>
<bndbox>
<xmin>500</xmin>
<ymin>410</ymin>
<xmax>613</xmax>
<ymax>611</ymax>
</bndbox>
</object>
<object>
<name>yellow_duck</name>
<pose>Unspecified</pose>
<truncated>0</truncated>
<difficult>0</difficult>
<bndbox>
<xmin>622</xmin>
<ymin>177</ymin>
<xmax>760</xmax>
<ymax>397</ymax>
</bndbox>
</object>
</annotation>
