<?xml version="1.0" encoding="utf-8"?>
<annotation>
<folder>images</folder>
<filename>cb0432df-ucexportviewid1t2AWBhIqqvdno21q2Iw4RSC86T2Zg9qR</filename>
<source>
<database>MyDatabase</database>
<annotation>COCO2017</annotation>
<image>flickr</image>
<flickrid>NULL</flickrid>
<annotator>1</annotator>
</source>
<owner>
<flickrid>NULL</flickrid>
<name>Label Studio</name>
</owner>
<size>
<width>896</width>
<height>896</height>
<depth>3</depth>
</size>
<segmented>0</segmented>
<object>
<name>pink_duck</name>
<pose>Unspecified</pose>
<truncated>0</truncated>
<difficult>0</difficult>
<bndbox>
<xmin>471</xmin>
<ymin>183</ymin>
<xmax>633</xmax>
<ymax>394</ymax>
</bndbox>
</object>
<object>
<name>blue_duck</name>
<pose>Unspecified</pose>
<truncated>0</truncated>
<difficult>0</difficult>
<bndbox>
<xmin>336</xmin>
<ymin>439</ymin>
<xmax>504</xmax>
<ymax>738</ymax>
</bndbox>
</object>
<object>
<name>yellow_duck</name>
<pose>Unspecified</pose>
<truncated>0</truncated>
<difficult>0</difficult>
<bndbox>
<xmin>35</xmin>
<ymin>327</ymin>
<xmax>164</xmax>
<ymax>534</ymax>
</bndbox>
</object>
</annotation>
