<?xml version="1.0" encoding="utf-8"?>
<annotation>
<folder>images</folder>
<filename>cc8284f0-ucexportviewid1PcDqjZMDCPwwJwXTEUvoZK-W83nDcXYL</filename>
<source>
<database>MyDatabase</database>
<annotation>COCO2017</annotation>
<image>flickr</image>
<flickrid>NULL</flickrid>
<annotator>1</annotator>
</source>
<owner>
<flickrid>NULL</flickrid>
<name>Label Studio</name>
</owner>
<size>
<width>896</width>
<height>896</height>
<depth>3</depth>
</size>
<segmented>0</segmented>
<object>
<name>yellow_duck</name>
<pose>Unspecified</pose>
<truncated>0</truncated>
<difficult>0</difficult>
<bndbox>
<xmin>186</xmin>
<ymin>493</ymin>
<xmax>320</xmax>
<ymax>682</ymax>
</bndbox>
</object>
<object>
<name>pink_duck</name>
<pose>Unspecified</pose>
<truncated>0</truncated>
<difficult>0</difficult>
<bndbox>
<xmin>490</xmin>
<ymin>177</ymin>
<xmax>626</xmax>
<ymax>399</ymax>
</bndbox>
</object>
<object>
<name>blue_duck</name>
<pose>Unspecified</pose>
<truncated>0</truncated>
<difficult>0</difficult>
<bndbox>
<xmin>451</xmin>
<ymin>603</ymin>
<xmax>596</xmax>
<ymax>811</ymax>
</bndbox>
</object>
</annotation>
