<?xml version="1.0" encoding="utf-8"?>
<annotation>
<folder>images</folder>
<filename>cfbbf5ff-ucexportviewid1XGC3_tZ65em5WN3HwWB1ZasZXRZopOQw</filename>
<source>
<database>MyDatabase</database>
<annotation>COCO2017</annotation>
<image>flickr</image>
<flickrid>NULL</flickrid>
<annotator>1</annotator>
</source>
<owner>
<flickrid>NULL</flickrid>
<name>Label Studio</name>
</owner>
<size>
<width>896</width>
<height>896</height>
<depth>3</depth>
</size>
<segmented>0</segmented>
<object>
<name>blue_duck</name>
<pose>Unspecified</pose>
<truncated>0</truncated>
<difficult>0</difficult>
<bndbox>
<xmin>273</xmin>
<ymin>354</ymin>
<xmax>390</xmax>
<ymax>523</ymax>
</bndbox>
</object>
<object>
<name>yellow_duck</name>
<pose>Unspecified</pose>
<truncated>0</truncated>
<difficult>0</difficult>
<bndbox>
<xmin>519</xmin>
<ymin>360</ymin>
<xmax>638</xmax>
<ymax>519</ymax>
</bndbox>
</object>
<object>
<name>pink_duck</name>
<pose>Unspecified</pose>
<truncated>0</truncated>
<difficult>0</difficult>
<bndbox>
<xmin>364</xmin>
<ymin>84</ymin>
<xmax>520</xmax>
<ymax>346</ymax>
</bndbox>
</object>
</annotation>
