<?xml version="1.0" encoding="utf-8"?>
<annotation>
<folder>images</folder>
<filename>d0b0aee5-ucexportviewid18B-kPjygAX8Lfn3YIskM8OWxCJIOXB8Y</filename>
<source>
<database>MyDatabase</database>
<annotation>COCO2017</annotation>
<image>flickr</image>
<flickrid>NULL</flickrid>
<annotator>1</annotator>
</source>
<owner>
<flickrid>NULL</flickrid>
<name>Label Studio</name>
</owner>
<size>
<width>896</width>
<height>896</height>
<depth>3</depth>
</size>
<segmented>0</segmented>
<object>
<name>pink_duck</name>
<pose>Unspecified</pose>
<truncated>0</truncated>
<difficult>0</difficult>
<bndbox>
<xmin>379</xmin>
<ymin>157</ymin>
<xmax>636</xmax>
<ymax>397</ymax>
</bndbox>
</object>
<object>
<name>blue_duck</name>
<pose>Unspecified</pose>
<truncated>0</truncated>
<difficult>0</difficult>
<bndbox>
<xmin>371</xmin>
<ymin>528</ymin>
<xmax>555</xmax>
<ymax>712</ymax>
</bndbox>
</object>
<object>
<name>yellow_duck</name>
<pose>Unspecified</pose>
<truncated>0</truncated>
<difficult>0</difficult>
<bndbox>
<xmin>490</xmin>
<ymin>626</ymin>
<xmax>657</xmax>
<ymax>796</ymax>
</bndbox>
</object>
</annotation>
