<?xml version="1.0" encoding="utf-8"?>
<annotation>
<folder>images</folder>
<filename>d13f78f4-ucexportviewid1mBx_ikOd6tsmYPyvN-_a6e5On7owWZUb</filename>
<source>
<database>MyDatabase</database>
<annotation>COCO2017</annotation>
<image>flickr</image>
<flickrid>NULL</flickrid>
<annotator>1</annotator>
</source>
<owner>
<flickrid>NULL</flickrid>
<name>Label Studio</name>
</owner>
<size>
<width>896</width>
<height>896</height>
<depth>3</depth>
</size>
<segmented>0</segmented>
<object>
<name>blue_duck</name>
<pose>Unspecified</pose>
<truncated>0</truncated>
<difficult>0</difficult>
<bndbox>
<xmin>401</xmin>
<ymin>399</ymin>
<xmax>670</xmax>
<ymax>643</ymax>
</bndbox>
</object>
</annotation>
