<?xml version="1.0" encoding="utf-8"?>
<annotation>
<folder>images</folder>
<filename>d5dba8e3-ucexportviewid1J3DADFes4Sge4QcwGXGaB0f0U3_COVsz</filename>
<source>
<database>MyDatabase</database>
<annotation>COCO2017</annotation>
<image>flickr</image>
<flickrid>NULL</flickrid>
<annotator>1</annotator>
</source>
<owner>
<flickrid>NULL</flickrid>
<name>Label Studio</name>
</owner>
<size>
<width>896</width>
<height>896</height>
<depth>3</depth>
</size>
<segmented>0</segmented>
<object>
<name>blue_duck</name>
<pose>Unspecified</pose>
<truncated>0</truncated>
<difficult>0</difficult>
<bndbox>
<xmin>158</xmin>
<ymin>362</ymin>
<xmax>359</xmax>
<ymax>666</ymax>
</bndbox>
</object>
<object>
<name>pink_duck</name>
<pose>Unspecified</pose>
<truncated>0</truncated>
<difficult>0</difficult>
<bndbox>
<xmin>523</xmin>
<ymin>242</ymin>
<xmax>633</xmax>
<ymax>427</ymax>
</bndbox>
</object>
<object>
<name>yellow_duck</name>
<pose>Unspecified</pose>
<truncated>0</truncated>
<difficult>0</difficult>
<bndbox>
<xmin>550</xmin>
<ymin>400</ymin>
<xmax>719</xmax>
<ymax>677</ymax>
</bndbox>
</object>
</annotation>
