<?xml version="1.0" encoding="utf-8"?>
<annotation>
<folder>images</folder>
<filename>d9861ca0-ucexportviewid1HpB3Zu1Q7CNHRTBppECfVlMOxuDxo1r_</filename>
<source>
<database>MyDatabase</database>
<annotation>COCO2017</annotation>
<image>flickr</image>
<flickrid>NULL</flickrid>
<annotator>1</annotator>
</source>
<owner>
<flickrid>NULL</flickrid>
<name>Label Studio</name>
</owner>
<size>
<width>896</width>
<height>896</height>
<depth>3</depth>
</size>
<segmented>0</segmented>
<object>
<name>yellow_duck</name>
<pose>Unspecified</pose>
<truncated>0</truncated>
<difficult>0</difficult>
<bndbox>
<xmin>318</xmin>
<ymin>658</ymin>
<xmax>422</xmax>
<ymax>817</ymax>
</bndbox>
</object>
<object>
<name>blue_duck</name>
<pose>Unspecified</pose>
<truncated>0</truncated>
<difficult>0</difficult>
<bndbox>
<xmin>617</xmin>
<ymin>493</ymin>
<xmax>774</xmax>
<ymax>698</ymax>
</bndbox>
</object>
<object>
<name>pink_duck</name>
<pose>Unspecified</pose>
<truncated>0</truncated>
<difficult>0</difficult>
<bndbox>
<xmin>507</xmin>
<ymin>191</ymin>
<xmax>707</xmax>
<ymax>452</ymax>
</bndbox>
</object>
</annotation>
