<?xml version="1.0" encoding="utf-8"?>
<annotation>
<folder>images</folder>
<filename>e6649dd8-ucexportviewid1GxUAHZdaz2v5bX7Bktfhimlmb5c0QYFo</filename>
<source>
<database>MyDatabase</database>
<annotation>COCO2017</annotation>
<image>flickr</image>
<flickrid>NULL</flickrid>
<annotator>1</annotator>
</source>
<owner>
<flickrid>NULL</flickrid>
<name>Label Studio</name>
</owner>
<size>
<width>896</width>
<height>896</height>
<depth>3</depth>
</size>
<segmented>0</segmented>
<object>
<name>yellow_duck</name>
<pose>Unspecified</pose>
<truncated>0</truncated>
<difficult>0</difficult>
<bndbox>
<xmin>353</xmin>
<ymin>263</ymin>
<xmax>585</xmax>
<ymax>496</ymax>
</bndbox>
</object>
</annotation>
