<?xml version="1.0" encoding="utf-8"?>
<annotation>
<folder>images</folder>
<filename>e69e886b-ucexportviewid1guUoDEKogrpwO4FntVkPEoFlkRiC-z52</filename>
<source>
<database>MyDatabase</database>
<annotation>COCO2017</annotation>
<image>flickr</image>
<flickrid>NULL</flickrid>
<annotator>1</annotator>
</source>
<owner>
<flickrid>NULL</flickrid>
<name>Label Studio</name>
</owner>
<size>
<width>896</width>
<height>896</height>
<depth>3</depth>
</size>
<segmented>0</segmented>
<object>
<name>yellow_duck</name>
<pose>Unspecified</pose>
<truncated>0</truncated>
<difficult>0</difficult>
<bndbox>
<xmin>283</xmin>
<ymin>490</ymin>
<xmax>499</xmax>
<ymax>736</ymax>
</bndbox>
</object>
<object>
<name>pink_duck</name>
<pose>Unspecified</pose>
<truncated>0</truncated>
<difficult>0</difficult>
<bndbox>
<xmin>272</xmin>
<ymin>140</ymin>
<xmax>425</xmax>
<ymax>340</ymax>
</bndbox>
</object>
<object>
<name>blue_duck</name>
<pose>Unspecified</pose>
<truncated>0</truncated>
<difficult>0</difficult>
<bndbox>
<xmin>582</xmin>
<ymin>216</ymin>
<xmax>783</xmax>
<ymax>451</ymax>
</bndbox>
</object>
</annotation>
