<?xml version="1.0" encoding="utf-8"?>
<annotation>
<folder>images</folder>
<filename>e740ad6e-ucexportviewid1Bo0tPdDxvrEUoqGDmz9aNU-dycXB-DET</filename>
<source>
<database>MyDatabase</database>
<annotation>COCO2017</annotation>
<image>flickr</image>
<flickrid>NULL</flickrid>
<annotator>1</annotator>
</source>
<owner>
<flickrid>NULL</flickrid>
<name>Label Studio</name>
</owner>
<size>
<width>896</width>
<height>896</height>
<depth>3</depth>
</size>
<segmented>0</segmented>
<object>
<name>pink_duck</name>
<pose>Unspecified</pose>
<truncated>0</truncated>
<difficult>0</difficult>
<bndbox>
<xmin>534</xmin>
<ymin>666</ymin>
<xmax>658</xmax>
<ymax>849</ymax>
</bndbox>
</object>
<object>
<name>yellow_duck</name>
<pose>Unspecified</pose>
<truncated>0</truncated>
<difficult>0</difficult>
<bndbox>
<xmin>317</xmin>
<ymin>598</ymin>
<xmax>436</xmax>
<ymax>791</ymax>
</bndbox>
</object>
<object>
<name>blue_duck</name>
<pose>Unspecified</pose>
<truncated>0</truncated>
<difficult>0</difficult>
<bndbox>
<xmin>420</xmin>
<ymin>303</ymin>
<xmax>591</xmax>
<ymax>593</ymax>
</bndbox>
</object>
</annotation>
