<?xml version="1.0" encoding="utf-8"?>
<annotation>
<folder>images</folder>
<filename>e7c10e94-ucexportviewid14-n3laU29GpyHeg5OQ4sLug16lE_BbbI</filename>
<source>
<database>MyDatabase</database>
<annotation>COCO2017</annotation>
<image>flickr</image>
<flickrid>NULL</flickrid>
<annotator>1</annotator>
</source>
<owner>
<flickrid>NULL</flickrid>
<name>Label Studio</name>
</owner>
<size>
<width>896</width>
<height>896</height>
<depth>3</depth>
</size>
<segmented>0</segmented>
<object>
<name>blue_duck</name>
<pose>Unspecified</pose>
<truncated>0</truncated>
<difficult>0</difficult>
<bndbox>
<xmin>148</xmin>
<ymin>296</ymin>
<xmax>289</xmax>
<ymax>523</ymax>
</bndbox>
</object>
<object>
<name>yellow_duck</name>
<pose>Unspecified</pose>
<truncated>0</truncated>
<difficult>0</difficult>
<bndbox>
<xmin>403</xmin>
<ymin>230</ymin>
<xmax>540</xmax>
<ymax>480</ymax>
</bndbox>
</object>
<object>
<name>pink_duck</name>
<pose>Unspecified</pose>
<truncated>0</truncated>
<difficult>0</difficult>
<bndbox>
<xmin>616</xmin>
<ymin>189</ymin>
<xmax>740</xmax>
<ymax>400</ymax>
</bndbox>
</object>
</annotation>
