<?xml version="1.0" encoding="utf-8"?>
<annotation>
<folder>images</folder>
<filename>f0c31827-ucexportviewid1JuGf2iQ4cBZ0toEcqvM_tf_EvDzGaKRL</filename>
<source>
<database>MyDatabase</database>
<annotation>COCO2017</annotation>
<image>flickr</image>
<flickrid>NULL</flickrid>
<annotator>1</annotator>
</source>
<owner>
<flickrid>NULL</flickrid>
<name>Label Studio</name>
</owner>
<size>
<width>896</width>
<height>896</height>
<depth>3</depth>
</size>
<segmented>0</segmented>
<object>
<name>yellow_duck</name>
<pose>Unspecified</pose>
<truncated>0</truncated>
<difficult>0</difficult>
<bndbox>
<xmin>431</xmin>
<ymin>279</ymin>
<xmax>597</xmax>
<ymax>592</ymax>
</bndbox>
</object>
</annotation>
