<?xml version="1.0" encoding="utf-8"?>
<annotation>
<folder>images</folder>
<filename>f396cbf8-ucexportviewid1g6nyjlbF0ZLcgFswc8w-tQ20TAxWLl0E</filename>
<source>
<database>MyDatabase</database>
<annotation>COCO2017</annotation>
<image>flickr</image>
<flickrid>NULL</flickrid>
<annotator>1</annotator>
</source>
<owner>
<flickrid>NULL</flickrid>
<name>Label Studio</name>
</owner>
<size>
<width>896</width>
<height>896</height>
<depth>3</depth>
</size>
<segmented>0</segmented>
<object>
<name>yellow_duck</name>
<pose>Unspecified</pose>
<truncated>0</truncated>
<difficult>0</difficult>
<bndbox>
<xmin>357</xmin>
<ymin>247</ymin>
<xmax>608</xmax>
<ymax>514</ymax>
</bndbox>
</object>
</annotation>
