<?xml version="1.0" encoding="utf-8"?>
<annotation>
<folder>images</folder>
<filename>f691615e-ucexportviewid1CwBjRt3gniU-2JqVL-9-KqCCKyY8AgJp</filename>
<source>
<database>MyDatabase</database>
<annotation>COCO2017</annotation>
<image>flickr</image>
<flickrid>NULL</flickrid>
<annotator>1</annotator>
</source>
<owner>
<flickrid>NULL</flickrid>
<name>Label Studio</name>
</owner>
<size>
<width>896</width>
<height>896</height>
<depth>3</depth>
</size>
<segmented>0</segmented>
<object>
<name>yellow_duck</name>
<pose>Unspecified</pose>
<truncated>0</truncated>
<difficult>0</difficult>
<bndbox>
<xmin>267</xmin>
<ymin>176</ymin>
<xmax>568</xmax>
<ymax>520</ymax>
</bndbox>
</object>
</annotation>
