<?xml version="1.0" encoding="utf-8"?>
<annotation>
<folder>images</folder>
<filename>f6d172eb-ucexportviewid1Nnsw3YllL45M5Ojl6byvfsweZpUqnk5x</filename>
<source>
<database>MyDatabase</database>
<annotation>COCO2017</annotation>
<image>flickr</image>
<flickrid>NULL</flickrid>
<annotator>1</annotator>
</source>
<owner>
<flickrid>NULL</flickrid>
<name>Label Studio</name>
</owner>
<size>
<width>896</width>
<height>896</height>
<depth>3</depth>
</size>
<segmented>0</segmented>
<object>
<name>yellow_duck</name>
<pose>Unspecified</pose>
<truncated>0</truncated>
<difficult>0</difficult>
<bndbox>
<xmin>61</xmin>
<ymin>177</ymin>
<xmax>254</xmax>
<ymax>403</ymax>
</bndbox>
</object>
<object>
<name>blue_duck</name>
<pose>Unspecified</pose>
<truncated>0</truncated>
<difficult>0</difficult>
<bndbox>
<xmin>274</xmin>
<ymin>292</ymin>
<xmax>452</xmax>
<ymax>498</ymax>
</bndbox>
</object>
<object>
<name>pink_duck</name>
<pose>Unspecified</pose>
<truncated>0</truncated>
<difficult>0</difficult>
<bndbox>
<xmin>462</xmin>
<ymin>283</ymin>
<xmax>589</xmax>
<ymax>445</ymax>
</bndbox>
</object>
</annotation>
