<?xml version="1.0" encoding="utf-8"?>
<annotation>
<folder>images</folder>
<filename>fc3c619b-ucexportviewid1is-JjcAYkX43DcTjxMBHCyHHp-kMsFWV</filename>
<source>
<database>MyDatabase</database>
<annotation>COCO2017</annotation>
<image>flickr</image>
<flickrid>NULL</flickrid>
<annotator>1</annotator>
</source>
<owner>
<flickrid>NULL</flickrid>
<name>Label Studio</name>
</owner>
<size>
<width>896</width>
<height>896</height>
<depth>3</depth>
</size>
<segmented>0</segmented>
<object>
<name>pink_duck</name>
<pose>Unspecified</pose>
<truncated>0</truncated>
<difficult>0</difficult>
<bndbox>
<xmin>142</xmin>
<ymin>449</ymin>
<xmax>341</xmax>
<ymax>697</ymax>
</bndbox>
</object>
<object>
<name>yellow_duck</name>
<pose>Unspecified</pose>
<truncated>0</truncated>
<difficult>0</difficult>
<bndbox>
<xmin>388</xmin>
<ymin>264</ymin>
<xmax>534</xmax>
<ymax>434</ymax>
</bndbox>
</object>
<object>
<name>blue_duck</name>
<pose>Unspecified</pose>
<truncated>0</truncated>
<difficult>0</difficult>
<bndbox>
<xmin>566</xmin>
<ymin>132</ymin>
<xmax>686</xmax>
<ymax>290</ymax>
</bndbox>
</object>
</annotation>
